1999/01/10 10:12, de, 824, www.hortonworks.com/uwg, www.yahoo.com/wyysn, 967.577.317.379
1999/01/10 10:12, de, 624, www.google.com/p5, www.yahoo.com/ubjhv, 468.328.339.241
1999/01/10 10:12, de, 797, www.google.com/q4, www.google.com/brrq, 423.436.587.782
1999/01/10 10:12, de, 246, www.google.com/t4, www.yahoo.com/ypxkf, 549.378.275.299
1999/01/10 10:12, us, 425, www.hortonworks.com/cxz, www.google.com/dmbl, 564.144.452.336
1999/01/10 10:12, de, 375, www.hortonworks.com/sdc, www.google.com/srbv, 343.977.998.488
1999/01/10 10:12, uk, 443, www.hortonworks.com/dla, www.google.com/ujic, 167.227.773.615
1999/01/10 10:12, se, 635, www.google.com/v5, www.yahoo.com/itmbm, 734.423.587.813
1999/01/10 10:12, se, 963, www.google.com/z5, www.yahoo.com/xdwux, 371.872.596.979
1999/01/10 10:12, de, 112, www.hortonworks.com/ffk, www.google.com/jjgu, 974.456.671.958
1999/01/10 10:12, se, 858, www.hortonworks.com/qgg, www.yahoo.com/dtslz, 946.674.785.439
1999/01/10 10:12, se, 746, www.hortonworks.com/ltq, www.yahoo.com/tvlmt, 281.473.361.893
1999/01/11 10:12, se, 768, www.hortonworks.com/dxs, www.google.com/effx, 546.758.221.822
1999/01/11 10:12, de, 884, www.google.com/q4, www.google.com/ipll, 172.556.755.844
1999/01/11 10:12, de, 787, www.google.com/f4, www.google.com/whye, 635.184.574.266
1999/01/11 10:12, uk, 966, www.google.com/o5, www.google.com/dspb, 943.216.853.384
1999/01/11 10:12, se, 494, www.hortonworks.com/wsr, www.yahoo.com/fcyxr, 654.845.838.744
1999/01/11 10:12, de, 784, www.hortonworks.com/huw, www.google.com/cajy, 255.888.541.836
1999/01/11 10:12, us, 735, www.google.com/i5, www.google.com/gues, 973.726.287.455
1999/01/11 10:12, de, 616, www.google.com/p5, www.yahoo.com/akldt, 732.564.166.267
1999/01/11 10:12, se, 925, www.hortonworks.com/wne, www.google.com/qmxi, 472.364.254.865
1999/01/11 10:12, uk, 492, www.google.com/j4, www.yahoo.com/fqtad, 957.884.537.798
1999/01/11 10:12, de, 934, www.google.com/b4, www.google.com/wcfg, 357.716.824.899
1999/01/11 10:12, us, 927, www.hortonworks.com/clq, www.yahoo.com/jnxcq, 948.323.252.617
1999/01/12 10:12, de, 856, www.google.com/g4, www.google.com/uypu, 416.358.537.539
1999/01/12 10:12, se, 254, www.google.com/f5, www.yahoo.com/soeos, 564.746.582.215
1999/01/12 10:12, de, 465, www.google.com/h5, www.yahoo.com/agvne, 685.631.592.264
1999/01/12 10:12, de, 727, www.hortonworks.com/jmm, www.google.com/hjio, 157.487.335.992
1999/01/12 10:12, se, 557, www.google.com/d5, www.yahoo.com/novpc, 727.762.843.956
1999/01/12 10:12, uk, 568, www.hortonworks.com/qwe, www.yahoo.com/nmkmw, 258.933.854.845
1999/01/12 10:12, de, 327, www.hortonworks.com/jnn, www.google.com/fsoz, 436.883.877.541
1999/01/12 10:12, de, 358, www.hortonworks.com/jiz, www.google.com/jwqq, 279.765.996.343
1999/01/12 10:12, se, 513, www.hortonworks.com/nfq, www.google.com/xzuv, 726.823.964.468
1999/01/12 10:12, se, 836, www.google.com/r5, www.google.com/bmca, 428.497.725.468
1999/01/12 10:12, us, 985, www.hortonworks.com/vqi, www.google.com/ycqn, 343.686.524.268
1999/01/12 10:12, de, 327, www.google.com/g4, www.yahoo.com/qngnq, 454.454.948.358
1999/01/13 10:12, de, 653, www.google.com/v4, www.google.com/gqek, 273.756.285.482
1999/01/13 10:12, de, 852, www.google.com/f5, www.yahoo.com/rsott, 345.636.454.832
1999/01/13 10:12, de, 721, www.google.com/p4, www.yahoo.com/ruspt, 283.895.425.625
1999/01/13 10:12, de, 936, www.hortonworks.com/rwe, www.yahoo.com/ksfrb, 379.612.766.892
1999/01/13 10:12, se, 352, www.hortonworks.com/dlv, www.google.com/vuod, 942.276.866.167
1999/01/13 10:12, us, 733, www.hortonworks.com/rvl, www.yahoo.com/yujkh, 846.933.847.673
1999/01/13 10:12, uk, 623, www.hortonworks.com/gge, www.google.com/eher, 557.145.817.833
1999/01/13 10:12, se, 528, www.google.com/m5, www.google.com/yrsx, 738.897.443.524
1999/01/13 10:12, se, 722, www.google.com/n5, www.yahoo.com/yiycv, 444.267.664.468
1999/01/13 10:12, de, 797, www.google.com/r4, www.yahoo.com/drlns, 322.521.437.543
1999/01/13 10:12, us, 134, www.hortonworks.com/txb, www.google.com/suwe, 822.769.254.538
1999/01/13 10:12, uk, 285, www.hortonworks.com/yto, www.google.com/jiif, 286.352.848.455
1999/01/14 10:12, se, 949, www.google.com/u5, www.google.com/ljwc, 527.878.759.512
1999/01/14 10:12, se, 276, www.hortonworks.com/sfq, www.google.com/nvyu, 271.561.616.712
1999/01/14 10:12, se, 636, www.hortonworks.com/rwv, www.google.com/uxrc, 249.349.317.515
1999/01/14 10:12, de, 774, www.google.com/f4, www.google.com/fklx, 246.167.538.291
1999/01/14 10:12, de, 722, www.hortonworks.com/byj, www.yahoo.com/bskic, 618.776.767.655
1999/01/14 10:12, de, 836, www.hortonworks.com/ndk, www.yahoo.com/kzipb, 894.448.219.154
1999/01/14 10:12, se, 858, www.hortonworks.com/pgl, www.yahoo.com/pndpl, 222.416.147.215
1999/01/14 10:12, de, 662, www.google.com/e4, www.yahoo.com/elfwd, 373.224.465.517
1999/01/14 10:12, de, 166, www.google.com/l4, www.google.com/vtjl, 166.786.396.243
1999/01/14 10:12, de, 875, www.hortonworks.com/qlv, www.yahoo.com/qcruc, 894.754.565.827
1999/01/14 10:12, de, 288, www.hortonworks.com/ohb, www.google.com/qsmd, 828.757.725.934
1999/01/14 10:12, de, 554, www.hortonworks.com/vmr, www.google.com/iswl, 716.754.836.882
1999/01/15 10:12, de, 448, www.google.com/q4, www.google.com/oycr, 576.415.899.473
1999/01/15 10:12, se, 663, www.hortonworks.com/yio, www.yahoo.com/hctop, 599.696.633.685
1999/01/15 10:12, se, 264, www.hortonworks.com/ira, www.google.com/ifay, 879.664.594.765
1999/01/15 10:12, de, 661, www.hortonworks.com/yvg, www.yahoo.com/icpmh, 196.363.747.826
1999/01/15 10:12, de, 785, www.google.com/b5, www.google.com/gure, 855.866.153.941
1999/01/15 10:12, de, 875, www.google.com/l4, www.yahoo.com/iwvkn, 754.541.255.777
1999/01/15 10:12, se, 294, www.google.com/s5, www.google.com/cvla, 524.713.716.354
1999/01/15 10:12, uk, 457, www.google.com/h4, www.yahoo.com/csvtc, 346.228.698.539
1999/01/15 10:12, se, 736, www.hortonworks.com/imq, www.yahoo.com/myrqs, 524.571.668.989
1999/01/15 10:12, de, 579, www.google.com/h4, www.google.com/dyik, 346.512.159.599
1999/01/15 10:12, se, 652, www.google.com/n5, www.yahoo.com/pdxdv, 746.585.513.535
1999/01/15 10:12, uk, 572, www.hortonworks.com/sak, www.yahoo.com/yedey, 775.344.225.885
1999/01/16 10:12, se, 439, www.hortonworks.com/xhm, www.google.com/pxti, 328.624.384.276
1999/01/16 10:12, de, 513, www.google.com/m4, www.yahoo.com/vtxig, 745.778.965.393
1999/01/16 10:12, de, 748, www.google.com/p5, www.yahoo.com/psswo, 564.985.914.885
1999/01/16 10:12, de, 587, www.google.com/c5, www.yahoo.com/xqvbb, 868.275.489.523
1999/01/16 10:12, de, 381, www.google.com/q4, www.yahoo.com/lvqnq, 127.831.144.826
1999/01/16 10:12, de, 565, www.google.com/r5, www.yahoo.com/vetup, 462.857.834.632
1999/01/16 10:12, uk, 478, www.google.com/v4, www.google.com/phrt, 237.729.588.674
1999/01/16 10:12, us, 718, www.google.com/u4, www.google.com/tjno, 796.928.224.415
1999/01/16 10:12, de, 657, www.google.com/b5, www.google.com/ftum, 574.467.777.216
1999/01/16 10:12, de, 372, www.google.com/h5, www.yahoo.com/uewor, 825.852.566.443
1999/01/16 10:12, de, 728, www.hortonworks.com/eck, www.yahoo.com/okakq, 346.235.387.628
1999/01/16 10:12, us, 575, www.google.com/n4, www.google.com/suod, 372.763.964.248
1999/01/17 10:12, de, 256, www.hortonworks.com/nqz, www.google.com/oxiy, 122.678.465.672
1999/01/17 10:12, se, 723, www.hortonworks.com/yry, www.yahoo.com/tiucp, 692.464.253.982
1999/01/17 10:12, us, 255, www.google.com/i5, www.yahoo.com/hlydh, 125.298.277.369
1999/01/17 10:12, us, 617, www.hortonworks.com/etp, www.yahoo.com/upbnh, 216.886.399.247
1999/01/17 10:12, se, 157, www.google.com/s5, www.google.com/tkks, 853.133.387.895
1999/01/17 10:12, se, 466, www.hortonworks.com/goq, www.yahoo.com/otspl, 263.487.788.768
1999/01/17 10:12, us, 593, www.google.com/s5, www.yahoo.com/mikil, 777.332.573.582
1999/01/17 10:12, se, 757, www.hortonworks.com/fxu, www.google.com/fvpv, 613.549.552.751
1999/01/17 10:12, uk, 491, www.hortonworks.com/fxe, www.google.com/tcqi, 546.324.233.814
1999/01/17 10:12, se, 597, www.hortonworks.com/jyw, www.google.com/eqjr, 577.743.221.485
1999/01/17 10:12, de, 535, www.google.com/z4, www.google.com/ylbi, 376.755.354.398
1999/01/17 10:12, se, 278, www.google.com/k4, www.google.com/lwpk, 685.259.741.346
1999/01/18 10:12, uk, 556, www.google.com/g4, www.yahoo.com/gfjjv, 484.335.229.269
1999/01/18 10:12, se, 921, www.google.com/q5, www.google.com/zzob, 554.253.316.659
1999/01/18 10:12, us, 269, www.hortonworks.com/eay, www.google.com/xjxk, 888.567.673.658
1999/01/18 10:12, us, 389, www.google.com/u4, www.yahoo.com/xhdwn, 975.388.262.432
1999/01/18 10:12, de, 835, www.google.com/m5, www.google.com/ovuh, 387.112.853.357
1999/01/18 10:12, se, 779, www.google.com/t5, www.yahoo.com/brpse, 253.423.856.262
1999/01/18 10:12, se, 872, www.google.com/k5, www.yahoo.com/sasvj, 953.876.535.823
1999/01/18 10:12, se, 812, www.hortonworks.com/vnf, www.yahoo.com/pllxh, 576.556.382.863
1999/01/18 10:12, de, 553, www.hortonworks.com/nfx, www.yahoo.com/spbso, 663.647.653.466
1999/01/18 10:12, se, 293, www.hortonworks.com/dxd, www.google.com/zkbb, 363.227.253.185
1999/01/18 10:12, uk, 457, www.google.com/u5, www.yahoo.com/lmnvp, 452.583.686.162
1999/01/18 10:12, us, 267, www.google.com/b5, www.google.com/ieyv, 476.887.978.254
1999/01/19 10:12, uk, 526, www.hortonworks.com/isn, www.google.com/qlot, 419.424.331.393
1999/01/19 10:12, se, 353, www.google.com/w5, www.yahoo.com/gkeov, 164.166.828.336
1999/01/19 10:12, us, 846, www.google.com/y5, www.yahoo.com/wqmlb, 824.893.661.174
1999/01/19 10:12, us, 896, www.google.com/k4, www.yahoo.com/mlkxr, 759.533.374.867
1999/01/19 10:12, se, 547, www.hortonworks.com/enk, www.yahoo.com/ergaw, 584.445.275.643
1999/01/19 10:12, se, 124, www.hortonworks.com/xqu, www.yahoo.com/ycqls, 242.894.662.684
1999/01/19 10:12, de, 492, www.google.com/n5, www.google.com/rtoe, 847.765.247.876
1999/01/19 10:12, se, 219, www.hortonworks.com/nxa, www.google.com/izye, 321.536.544.875
1999/01/19 10:12, de, 561, www.hortonworks.com/hqt, www.yahoo.com/ebfwc, 752.966.459.348
1999/01/19 10:12, de, 369, www.google.com/c4, www.yahoo.com/qduel, 755.118.388.423
1999/01/19 10:12, de, 239, www.google.com/e5, www.yahoo.com/lnkmv, 674.823.248.216
1999/01/19 10:12, us, 855, www.google.com/f4, www.yahoo.com/reyri, 328.719.898.232
1999/01/20 10:12, de, 779, www.hortonworks.com/jfj, www.google.com/jkeb, 145.632.748.626
1999/01/20 10:12, de, 325, www.google.com/h5, www.google.com/soyq, 854.489.795.566
1999/01/20 10:12, se, 872, www.hortonworks.com/oyk, www.yahoo.com/eejxs, 852.635.888.663
1999/01/20 10:12, de, 548, www.google.com/c4, www.google.com/dcgk, 493.265.394.447
1999/01/20 10:12, se, 886, www.hortonworks.com/wvc, www.yahoo.com/rafmy, 183.766.632.733
1999/01/20 10:12, se, 638, www.hortonworks.com/sea, www.google.com/prax, 836.626.595.897
1999/01/20 10:12, us, 352, www.hortonworks.com/fgn, www.google.com/cdpv, 274.747.799.829
1999/01/20 10:12, se, 737, www.hortonworks.com/wdu, www.yahoo.com/qqhvk, 557.125.758.167
1999/01/20 10:12, de, 488, www.hortonworks.com/phz, www.google.com/xoib, 646.273.268.266
1999/01/20 10:12, de, 686, www.google.com/v4, www.google.com/mfll, 463.433.854.752
1999/01/20 10:12, de, 994, www.google.com/b5, www.yahoo.com/qidhb, 686.549.978.535
1999/01/20 10:12, uk, 385, www.hortonworks.com/qku, www.yahoo.com/hhqsj, 431.256.642.778
1999/01/21 10:12, se, 998, www.hortonworks.com/lco, www.google.com/uens, 455.546.176.285
1999/01/21 10:12, uk, 796, www.google.com/v4, www.google.com/trir, 872.221.348.253
1999/01/21 10:12, us, 144, www.hortonworks.com/wxw, www.yahoo.com/grtug, 722.752.664.828
1999/01/21 10:12, de, 429, www.hortonworks.com/mop, www.google.com/vast, 389.644.841.834
1999/01/21 10:12, us, 841, www.hortonworks.com/kiy, www.google.com/wjfl, 741.624.647.766
1999/01/21 10:12, de, 946, www.google.com/t4, www.google.com/rduu, 325.452.781.196
1999/01/21 10:12, de, 784, www.hortonworks.com/olh, www.google.com/arbi, 436.687.295.488
1999/01/21 10:12, se, 546, www.google.com/v4, www.google.com/lpnh, 837.934.263.769
1999/01/21 10:12, se, 866, www.google.com/i4, www.yahoo.com/nmvku, 958.614.649.857
1999/01/21 10:12, de, 753, www.hortonworks.com/rec, www.google.com/rszb, 782.596.254.571
1999/01/21 10:12, uk, 127, www.google.com/x5, www.google.com/kefy, 374.442.412.348
1999/01/21 10:12, de, 344, www.hortonworks.com/det, www.google.com/ntey, 768.982.752.477
1999/01/22 10:12, us, 226, www.hortonworks.com/tsj, www.google.com/pkns, 728.864.785.225
1999/01/22 10:12, se, 558, www.hortonworks.com/yks, www.yahoo.com/hlzxj, 592.727.226.475
1999/01/22 10:12, de, 555, www.google.com/m4, www.yahoo.com/jiwqb, 383.827.269.843
1999/01/22 10:12, de, 878, www.google.com/q4, www.yahoo.com/mokdy, 384.854.543.949
1999/01/22 10:12, se, 866, www.hortonworks.com/hhm, www.yahoo.com/mdjjr, 946.476.556.485
1999/01/22 10:12, se, 572, www.hortonworks.com/kvx, www.yahoo.com/tgtue, 325.315.385.862
1999/01/22 10:12, us, 873, www.google.com/i4, www.yahoo.com/diklb, 891.899.765.946
1999/01/22 10:12, us, 869, www.hortonworks.com/cks, www.yahoo.com/tuoqy, 592.614.586.725
1999/01/22 10:12, uk, 456, www.google.com/s4, www.yahoo.com/gpnza, 993.187.729.794
1999/01/22 10:12, se, 144, www.hortonworks.com/dtw, www.yahoo.com/fnxtj, 665.428.452.752
1999/01/22 10:12, de, 172, www.hortonworks.com/jly, www.google.com/tboy, 127.148.377.533
1999/01/22 10:12, uk, 691, www.google.com/q4, www.yahoo.com/mktvu, 838.755.551.843
1999/01/23 10:12, de, 775, www.hortonworks.com/ogp, www.yahoo.com/ctwez, 252.557.572.894
1999/01/23 10:12, se, 197, www.google.com/t5, www.yahoo.com/csxby, 392.688.225.757
1999/01/23 10:12, uk, 334, www.google.com/n4, www.google.com/cuwk, 592.816.767.377
1999/01/23 10:12, de, 979, www.hortonworks.com/loi, www.google.com/rxux, 842.542.357.435
1999/01/23 10:12, us, 785, www.hortonworks.com/clq, www.yahoo.com/bhrsn, 683.775.527.949
1999/01/23 10:12, de, 564, www.hortonworks.com/oej, www.yahoo.com/cemqo, 257.235.536.858
1999/01/23 10:12, de, 431, www.google.com/v5, www.yahoo.com/quwrb, 727.868.858.588
1999/01/23 10:12, de, 264, www.google.com/t4, www.google.com/prlb, 532.223.544.177
1999/01/23 10:12, de, 735, www.google.com/w4, www.google.com/gwjs, 426.658.248.788
1999/01/23 10:12, de, 724, www.google.com/d5, www.yahoo.com/yeggb, 734.472.936.325
1999/01/23 10:12, de, 555, www.google.com/y5, www.google.com/kcyv, 339.658.453.843
1999/01/23 10:12, de, 788, www.google.com/a5, www.yahoo.com/lsyqb, 468.273.936.558
1999/01/24 10:12, se, 489, www.hortonworks.com/irl, www.yahoo.com/vbhyt, 312.364.436.547
1999/01/24 10:12, de, 759, www.hortonworks.com/smo, www.google.com/tjoo, 242.366.447.744
1999/01/24 10:12, de, 688, www.hortonworks.com/hcp, www.yahoo.com/nqwky, 878.628.826.813
1999/01/24 10:12, se, 523, www.hortonworks.com/rml, www.yahoo.com/sdgyd, 665.184.961.839
1999/01/24 10:12, de, 729, www.hortonworks.com/ieu, www.yahoo.com/wdbmm, 467.647.267.826
1999/01/24 10:12, de, 546, www.hortonworks.com/dkf, www.google.com/nbkq, 936.267.992.437
1999/01/24 10:12, de, 467, www.hortonworks.com/sci, www.google.com/vvbe, 152.538.371.648
1999/01/24 10:12, se, 894, www.google.com/y4, www.yahoo.com/ltxbm, 874.135.874.767
1999/01/24 10:12, de, 854, www.hortonworks.com/syh, www.google.com/nkrt, 485.612.364.182
1999/01/24 10:12, uk, 776, www.hortonworks.com/qck, www.yahoo.com/dbqye, 288.388.576.684
1999/01/24 10:12, us, 621, www.hortonworks.com/hnd, www.google.com/cruv, 362.863.673.782
1999/01/24 10:12, se, 344, www.google.com/f4, www.yahoo.com/loomb, 552.756.883.388
1999/01/25 10:12, us, 528, www.google.com/i5, www.google.com/dzwg, 789.987.224.877
1999/01/25 10:12, de, 464, www.hortonworks.com/zxs, www.google.com/nqvj, 287.777.634.187
1999/01/25 10:12, se, 722, www.hortonworks.com/qpr, www.google.com/tqpx, 642.374.947.427
1999/01/25 10:12, de, 463, www.hortonworks.com/zek, www.google.com/htfs, 528.518.332.431
1999/01/25 10:12, se, 586, www.google.com/a5, www.google.com/jgol, 412.521.452.436
1999/01/25 10:12, se, 215, www.google.com/o5, www.google.com/djtc, 737.654.257.851
1999/01/25 10:12, de, 738, www.hortonworks.com/qdm, www.yahoo.com/jhwdl, 275.583.292.841
1999/01/25 10:12, uk, 886, www.google.com/m4, www.google.com/cksx, 769.644.648.848
1999/01/25 10:12, uk, 854, www.google.com/o5, www.google.com/ucbk, 898.233.423.492
1999/01/25 10:12, uk, 895, www.hortonworks.com/oyk, www.google.com/csbd, 716.787.225.277
1999/01/25 10:12, se, 846, www.google.com/d4, www.google.com/owqj, 545.646.982.827
1999/01/25 10:12, de, 282, www.hortonworks.com/uei, www.google.com/jogl, 746.356.742.838
1999/01/26 10:12, us, 656, www.google.com/l5, www.yahoo.com/pfgsf, 695.258.537.862
1999/01/26 10:12, de, 966, www.hortonworks.com/lul, www.yahoo.com/qtqzr, 596.563.843.244
1999/01/26 10:12, de, 638, www.hortonworks.com/toj, www.google.com/ewjj, 331.716.687.843
1999/01/26 10:12, uk, 512, www.google.com/e5, www.google.com/rcwo, 371.724.429.863
1999/01/26 10:12, de, 977, www.hortonworks.com/mwp, www.google.com/xrtl, 192.738.113.728
1999/01/26 10:12, de, 274, www.hortonworks.com/dtf, www.yahoo.com/jonqp, 266.245.652.898
1999/01/26 10:12, de, 234, www.hortonworks.com/jub, www.yahoo.com/mclsl, 832.783.757.442
1999/01/26 10:12, de, 235, www.google.com/o5, www.google.com/dosp, 154.382.274.544
1999/01/26 10:12, us, 582, www.hortonworks.com/jnf, www.yahoo.com/nmsgy, 742.641.738.734
1999/01/26 10:12, de, 332, www.google.com/c5, www.yahoo.com/hkyvt, 863.855.546.215
1999/01/26 10:12, de, 189, www.google.com/b5, www.yahoo.com/wvhut, 642.293.539.722
1999/01/26 10:12, us, 278, www.google.com/x5, www.yahoo.com/aoyii, 834.123.327.352
1999/01/27 10:12, se, 367, www.hortonworks.com/gzb, www.yahoo.com/fxzny, 785.434.386.223
1999/01/27 10:12, de, 968, www.hortonworks.com/sfm, www.google.com/clmk, 572.457.727.285
1999/01/27 10:12, de, 768, www.google.com/a4, www.google.com/qjdx, 478.326.191.157
1999/01/27 10:12, de, 835, www.hortonworks.com/kxp, www.yahoo.com/emfnw, 897.384.677.464
1999/01/27 10:12, de, 368, www.google.com/d5, www.google.com/yqjy, 761.356.477.574
1999/01/27 10:12, se, 375, www.google.com/c5, www.yahoo.com/wbsqj, 528.954.515.447
1999/01/27 10:12, de, 733, www.google.com/v5, www.yahoo.com/nwfiy, 172.468.246.963
1999/01/27 10:12, us, 722, www.hortonworks.com/jvs, www.yahoo.com/yjafn, 275.496.277.349
1999/01/27 10:12, se, 581, www.google.com/a4, www.yahoo.com/guqgf, 384.334.326.376
1999/01/27 10:12, de, 335, www.google.com/k4, www.google.com/xgqt, 336.134.655.581
1999/01/27 10:12, de, 214, www.google.com/m5, www.google.com/ktiv, 438.968.545.597
1999/01/27 10:12, se, 857, www.hortonworks.com/snp, www.yahoo.com/vudwx, 288.957.456.498
1999/01/28 10:12, uk, 738, www.hortonworks.com/yfk, www.yahoo.com/mtkqq, 685.723.388.186
1999/01/28 10:12, uk, 529, www.hortonworks.com/sui, www.yahoo.com/ivwcf, 221.355.735.235
1999/01/28 10:12, us, 119, www.hortonworks.com/ykm, www.google.com/lkjm, 758.347.158.656
1999/01/28 10:12, se, 566, www.google.com/z4, www.yahoo.com/cwwxw, 835.197.124.224
1999/01/28 10:12, se, 747, www.hortonworks.com/gnk, www.yahoo.com/ylxwe, 843.446.568.194
1999/01/28 10:12, se, 416, www.google.com/u4, www.google.com/vrvm, 366.878.272.833
1999/01/28 10:12, se, 235, www.google.com/z5, www.google.com/fwbe, 485.335.256.115
1999/01/28 10:12, de, 522, www.google.com/y4, www.google.com/zulq, 494.438.534.556
1999/01/28 10:12, de, 157, www.google.com/n4, www.google.com/yddp, 588.537.338.853
1999/01/28 10:12, de, 252, www.hortonworks.com/hym, www.yahoo.com/uemcp, 944.863.873.486
1999/01/28 10:12, se, 625, www.google.com/v5, www.google.com/glpa, 888.755.146.873
1999/01/28 10:12, us, 115, www.hortonworks.com/emw, www.google.com/roct, 582.227.365.546
1999/01/29 10:12, se, 527, www.google.com/r4, www.yahoo.com/khpoe, 724.897.618.595
1999/01/29 10:12, se, 867, www.hortonworks.com/zps, www.yahoo.com/acxcq, 822.124.332.264
1999/01/29 10:12, de, 421, www.hortonworks.com/puv, www.google.com/yxoh, 895.367.159.768
1999/01/29 10:12, us, 873, www.google.com/b5, www.yahoo.com/qpfuk, 658.568.169.689
1999/01/29 10:12, de, 435, www.hortonworks.com/vsn, www.google.com/ogye, 192.742.257.335
1999/01/29 10:12, de, 264, www.google.com/y4, www.google.com/somd, 856.915.836.348
1999/01/29 10:12, de, 477, www.hortonworks.com/sbd, www.google.com/wevm, 762.833.848.275
1999/01/29 10:12, de, 439, www.hortonworks.com/rbc, www.yahoo.com/cmqma, 368.335.272.817
1999/01/29 10:12, us, 936, www.hortonworks.com/ssc, www.yahoo.com/xmipg, 262.388.544.288
1999/01/29 10:12, se, 869, www.google.com/b4, www.yahoo.com/nirdy, 657.449.569.787
1999/01/29 10:12, de, 678, www.hortonworks.com/qdk, www.google.com/tzci, 494.571.874.338
1999/01/29 10:12, us, 254, www.hortonworks.com/lot, www.google.com/ppwt, 635.326.358.576
1999/01/30 10:12, se, 667, www.google.com/r5, www.google.com/jiyn, 616.422.837.957
1999/01/30 10:12, us, 143, www.hortonworks.com/wyy, www.google.com/daxi, 626.389.668.281
1999/01/30 10:12, de, 684, www.hortonworks.com/kxn, www.google.com/mell, 226.284.256.335
1999/01/30 10:12, de, 342, www.google.com/t5, www.yahoo.com/xwrle, 995.642.563.331
1999/01/30 10:12, uk, 233, www.google.com/b4, www.google.com/zxhr, 474.322.382.421
1999/01/30 10:12, de, 746, www.hortonworks.com/cxi, www.yahoo.com/jnlcs, 317.847.515.674
1999/01/30 10:12, uk, 765, www.hortonworks.com/urt, www.google.com/qqaa, 599.377.668.551
1999/01/30 10:12, de, 439, www.google.com/g5, www.yahoo.com/smsgs, 982.155.982.978
1999/01/30 10:12, se, 332, www.hortonworks.com/onc, www.google.com/nihx, 898.146.218.527
1999/01/30 10:12, us, 887, www.hortonworks.com/wxj, www.google.com/unum, 349.732.152.574
1999/01/30 10:12, us, 562, www.hortonworks.com/wae, www.yahoo.com/pstpu, 431.877.168.883
1999/01/30 10:12, se, 229, www.hortonworks.com/swy, www.yahoo.com/rceqn, 976.884.891.663
1999/01/31 10:12, us, 379, www.google.com/f4, www.yahoo.com/mscxa, 872.712.567.973
1999/01/31 10:12, de, 599, www.google.com/q4, www.yahoo.com/ldood, 633.474.242.526
1999/01/31 10:12, us, 536, www.google.com/j5, www.google.com/wjrh, 784.851.856.858
1999/01/31 10:12, de, 514, www.hortonworks.com/pfj, www.yahoo.com/uxpxl, 633.147.882.951
1999/01/31 10:12, us, 596, www.hortonworks.com/bgf, www.google.com/gwcp, 852.374.548.348
1999/01/31 10:12, uk, 454, www.hortonworks.com/gbf, www.yahoo.com/wjrkq, 635.638.829.531
1999/01/31 10:12, us, 921, www.google.com/b4, www.google.com/woip, 972.587.345.564
1999/01/31 10:12, de, 182, www.hortonworks.com/qdp, www.google.com/zajl, 663.325.554.239
1999/01/31 10:12, de, 241, www.hortonworks.com/xvt, www.yahoo.com/zgcsj, 451.586.134.438
1999/01/31 10:12, se, 985, www.google.com/n4, www.yahoo.com/ugtxn, 457.693.292.455
1999/01/31 10:12, de, 157, www.google.com/b4, www.google.com/oyrt, 323.546.564.475
1999/01/31 10:12, se, 465, www.google.com/r4, www.yahoo.com/hdukj, 674.785.277.526
1999/01/32 10:12, de, 882, www.hortonworks.com/xtv, www.google.com/ezmb, 313.852.685.355
1999/01/32 10:12, de, 738, www.google.com/n4, www.yahoo.com/nuden, 468.731.277.377
1999/01/32 10:12, se, 533, www.google.com/v4, www.yahoo.com/mqhfk, 766.369.726.479
1999/01/32 10:12, de, 433, www.hortonworks.com/ycq, www.google.com/qbdm, 612.156.258.994
1999/01/32 10:12, de, 586, www.hortonworks.com/rhl, www.google.com/mpce, 171.482.454.356
1999/01/32 10:12, uk, 199, www.hortonworks.com/prt, www.google.com/ypdy, 423.782.821.457
1999/01/32 10:12, se, 855, www.google.com/s5, www.google.com/fpww, 546.644.532.744
1999/01/32 10:12, us, 761, www.google.com/j4, www.google.com/yyxx, 212.366.437.272
1999/01/32 10:12, de, 211, www.hortonworks.com/dzq, www.yahoo.com/gmlaq, 883.683.753.853
1999/01/32 10:12, uk, 591, www.hortonworks.com/ajj, www.google.com/rwri, 586.287.374.464
1999/01/32 10:12, uk, 751, www.hortonworks.com/kpx, www.yahoo.com/uvnjd, 157.285.387.677
1999/01/32 10:12, de, 593, www.hortonworks.com/ucf, www.yahoo.com/uticz, 567.835.423.264
1999/01/33 10:12, de, 665, www.google.com/e5, www.yahoo.com/yjexw, 936.953.839.782
1999/01/33 10:12, se, 863, www.hortonworks.com/kcs, www.yahoo.com/wexna, 892.482.772.354
1999/01/33 10:12, se, 244, www.google.com/h5, www.yahoo.com/nlxni, 478.185.341.368
1999/01/33 10:12, se, 323, www.google.com/h4, www.google.com/vyqj, 669.223.745.732
1999/01/33 10:12, se, 663, www.hortonworks.com/gqs, www.google.com/tdxi, 441.344.666.317
1999/01/33 10:12, de, 578, www.hortonworks.com/gjx, www.yahoo.com/qqjsn, 867.959.128.684
1999/01/33 10:12, de, 468, www.hortonworks.com/pvw, www.yahoo.com/jzopx, 471.295.763.726
1999/01/33 10:12, us, 289, www.hortonworks.com/goo, www.google.com/bdaf, 874.353.966.958
1999/01/33 10:12, de, 955, www.hortonworks.com/ruj, www.yahoo.com/xfxyd, 135.563.346.146
1999/01/33 10:12, se, 235, www.google.com/q5, www.yahoo.com/nebhr, 367.466.352.828
1999/01/33 10:12, de, 318, www.hortonworks.com/xop, www.yahoo.com/uhmxe, 568.761.527.478
1999/01/33 10:12, de, 794, www.google.com/a5, www.yahoo.com/cqbme, 163.377.898.332
1999/01/34 10:12, de, 565, www.hortonworks.com/clx, www.google.com/vijq, 791.266.673.436
1999/01/34 10:12, uk, 364, www.google.com/g4, www.google.com/gghk, 456.576.195.559
1999/01/34 10:12, se, 847, www.google.com/q5, www.google.com/ofrb, 745.261.469.153
1999/01/34 10:12, us, 724, www.google.com/v4, www.google.com/peew, 437.485.635.624
1999/01/34 10:12, us, 846, www.hortonworks.com/nit, www.google.com/qwmv, 484.734.343.548
1999/01/34 10:12, de, 562, www.google.com/h5, www.yahoo.com/gvric, 238.887.188.253
1999/01/34 10:12, uk, 896, www.hortonworks.com/tyn, www.google.com/xpfu, 662.679.376.925
1999/01/34 10:12, de, 664, www.google.com/l5, www.google.com/oici, 669.452.734.672
1999/01/34 10:12, de, 335, www.hortonworks.com/khr, www.google.com/okml, 871.285.465.767
1999/01/34 10:12, de, 236, www.hortonworks.com/gff, www.yahoo.com/jzkrj, 112.783.225.374
1999/01/34 10:12, de, 688, www.google.com/b4, www.yahoo.com/ruyeg, 532.455.932.498
1999/01/34 10:12, de, 187, www.google.com/x5, www.yahoo.com/maqkq, 927.679.477.785
1999/01/35 10:12, de, 392, www.google.com/y5, www.yahoo.com/pexed, 267.715.241.765
1999/01/35 10:12, de, 489, www.google.com/q5, www.yahoo.com/ebhnb, 593.445.695.281
1999/01/35 10:12, uk, 864, www.hortonworks.com/mop, www.yahoo.com/hbijd, 772.737.685.374
1999/01/35 10:12, se, 785, www.hortonworks.com/cqb, www.google.com/zirj, 584.932.132.548
1999/01/35 10:12, de, 356, www.hortonworks.com/sxy, www.google.com/bbuu, 261.485.377.264
1999/01/35 10:12, de, 274, www.google.com/j5, www.google.com/pwfv, 858.473.331.932
1999/01/35 10:12, de, 763, www.hortonworks.com/jkm, www.yahoo.com/djypa, 288.743.697.622
1999/01/35 10:12, de, 441, www.google.com/z4, www.yahoo.com/usmfo, 587.518.356.632
1999/01/35 10:12, se, 479, www.google.com/j5, www.yahoo.com/eljdw, 976.273.837.966
1999/01/35 10:12, uk, 226, www.google.com/y4, www.yahoo.com/ybvqr, 238.864.845.791
1999/01/35 10:12, de, 941, www.hortonworks.com/tud, www.google.com/asvi, 738.482.454.357
1999/01/35 10:12, us, 961, www.google.com/i5, www.yahoo.com/axvbs, 422.773.641.345
1999/01/36 10:12, uk, 185, www.hortonworks.com/ffy, www.yahoo.com/vpbyq, 615.284.627.762
1999/01/36 10:12, se, 584, www.hortonworks.com/cno, www.yahoo.com/qhcou, 862.771.343.767
1999/01/36 10:12, se, 875, www.google.com/l5, www.yahoo.com/mbnnv, 158.566.564.252
1999/01/36 10:12, de, 127, www.hortonworks.com/fbf, www.yahoo.com/mpris, 977.665.367.542
1999/01/36 10:12, de, 945, www.google.com/s4, www.google.com/onwn, 578.588.449.174
1999/01/36 10:12, de, 823, www.google.com/b4, www.google.com/ygsd, 134.363.642.669
1999/01/36 10:12, se, 669, www.hortonworks.com/jev, www.yahoo.com/dfhir, 632.977.384.221
1999/01/36 10:12, uk, 722, www.google.com/o5, www.yahoo.com/xbgir, 287.266.374.469
1999/01/36 10:12, se, 225, www.hortonworks.com/lhd, www.google.com/bfpy, 926.722.739.858
1999/01/36 10:12, de, 332, www.hortonworks.com/cbh, www.google.com/rxlf, 539.984.831.225
1999/01/36 10:12, de, 663, www.google.com/r4, www.yahoo.com/wpkxr, 233.225.349.782
1999/01/36 10:12, se, 877, www.google.com/s4, www.yahoo.com/vhpts, 548.651.475.678
1999/01/37 10:12, de, 564, www.hortonworks.com/lhh, www.google.com/yxji, 632.867.371.973
1999/01/37 10:12, de, 637, www.hortonworks.com/npe, www.google.com/nbhf, 776.211.877.811
1999/01/37 10:12, de, 137, www.google.com/v4, www.google.com/ctml, 662.716.174.778
1999/01/37 10:12, de, 533, www.google.com/o4, www.yahoo.com/vdpcm, 759.669.664.476
1999/01/37 10:12, us, 321, www.google.com/l5, www.google.com/lhfx, 985.275.225.564
1999/01/37 10:12, se, 765, www.hortonworks.com/edc, www.yahoo.com/ehwsx, 728.886.453.872
1999/01/37 10:12, de, 466, www.google.com/s4, www.google.com/fthl, 332.581.674.568
1999/01/37 10:12, de, 348, www.google.com/z4, www.google.com/vcpl, 854.278.796.564
1999/01/37 10:12, de, 648, www.hortonworks.com/aot, www.google.com/nubt, 628.228.753.624
1999/01/37 10:12, de, 463, www.google.com/p4, www.yahoo.com/alivg, 384.282.621.986
1999/01/37 10:12, us, 753, www.hortonworks.com/gng, www.google.com/uyqs, 336.544.376.566
1999/01/37 10:12, us, 833, www.google.com/r4, www.yahoo.com/tppec, 555.263.937.924
1999/01/38 10:12, us, 493, www.google.com/x4, www.google.com/momc, 174.725.866.983
1999/01/38 10:12, uk, 526, www.hortonworks.com/mkn, www.yahoo.com/dulgn, 266.973.842.621
1999/01/38 10:12, se, 662, www.hortonworks.com/ypv, www.yahoo.com/rxapb, 459.743.738.397
1999/01/38 10:12, de, 395, www.hortonworks.com/bhk, www.google.com/zgfh, 722.823.775.646
1999/01/38 10:12, se, 941, www.hortonworks.com/ifb, www.google.com/tgmu, 855.589.218.765
1999/01/38 10:12, de, 297, www.hortonworks.com/yol, www.google.com/vgvk, 945.166.768.454
1999/01/38 10:12, de, 482, www.google.com/i4, www.google.com/dyeq, 616.219.774.684
1999/01/38 10:12, se, 144, www.google.com/m4, www.google.com/gige, 614.352.328.522
1999/01/38 10:12, uk, 287, www.google.com/x4, www.google.com/vktq, 484.211.881.725
1999/01/38 10:12, de, 297, www.google.com/m5, www.yahoo.com/caegt, 693.497.758.542
1999/01/38 10:12, us, 594, www.google.com/e5, www.yahoo.com/nxamy, 234.238.238.424
1999/01/38 10:12, de, 585, www.hortonworks.com/git, www.google.com/cygl, 339.836.348.584
1999/01/39 10:12, de, 388, www.hortonworks.com/lve, www.yahoo.com/dufhh, 686.381.544.436
1999/01/39 10:12, se, 377, www.hortonworks.com/fwx, www.google.com/tpjv, 333.757.737.667
1999/01/39 10:12, de, 772, www.google.com/r4, www.google.com/xdjt, 753.878.585.635
1999/01/39 10:12, de, 874, www.hortonworks.com/hjk, www.yahoo.com/duvnh, 235.538.689.626
1999/01/39 10:12, de, 392, www.google.com/t4, www.google.com/doye, 758.674.737.878
1999/01/39 10:12, de, 265, www.google.com/l4, www.yahoo.com/xfjpb, 332.369.567.466
1999/01/39 10:12, de, 558, www.hortonworks.com/kuy, www.yahoo.com/vhwuk, 215.769.334.182
1999/01/39 10:12, de, 866, www.hortonworks.com/npt, www.google.com/ntox, 323.763.755.635
1999/01/39 10:12, de, 262, www.hortonworks.com/uhc, www.yahoo.com/ydtwy, 788.473.148.816
1999/01/39 10:12, se, 477, www.hortonworks.com/dhf, www.yahoo.com/hgtwr, 149.935.583.136
1999/01/39 10:12, se, 276, www.google.com/v5, www.yahoo.com/rubuy, 299.663.355.878
1999/01/39 10:12, se, 415, www.google.com/k4, www.yahoo.com/qcmvj, 451.458.723.363
1999/01/40 10:12, us, 848, www.hortonworks.com/cfg, www.google.com/ekro, 224.568.459.725
1999/01/40 10:12, se, 179, www.hortonworks.com/cxy, www.google.com/fcwi, 453.872.166.744
1999/01/40 10:12, de, 851, www.hortonworks.com/yti, www.google.com/llkx, 862.588.269.842
1999/01/40 10:12, de, 358, www.hortonworks.com/agu, www.yahoo.com/agivu, 728.213.999.998
1999/01/40 10:12, de, 527, www.google.com/i5, www.google.com/exgc, 895.742.684.956
1999/01/40 10:12, us, 771, www.hortonworks.com/nov, www.yahoo.com/cvjsu, 548.864.841.283
1999/01/40 10:12, se, 529, www.hortonworks.com/icv, www.google.com/ulmo, 263.731.764.533
1999/01/40 10:12, uk, 244, www.google.com/b5, www.yahoo.com/bfion, 899.717.725.563
1999/01/40 10:12, de, 565, www.google.com/h5, www.google.com/infc, 788.485.282.363
1999/01/40 10:12, uk, 298, www.google.com/d4, www.google.com/nvmb, 468.332.694.863
1999/01/40 10:12, de, 385, www.hortonworks.com/oqg, www.yahoo.com/hjzju, 735.592.276.254
1999/01/40 10:12, de, 516, www.hortonworks.com/nwu, www.google.com/gvdf, 253.575.253.213
1999/01/41 10:12, uk, 942, www.google.com/w4, www.google.com/pnqf, 359.412.574.651
1999/01/41 10:12, uk, 334, www.hortonworks.com/jyf, www.yahoo.com/rtchw, 383.854.148.735
1999/01/41 10:12, uk, 791, www.hortonworks.com/hkl, www.google.com/jmxl, 514.412.915.253
1999/01/41 10:12, us, 318, www.google.com/z5, www.yahoo.com/blcgo, 376.764.655.822
1999/01/41 10:12, se, 133, www.hortonworks.com/ilt, www.yahoo.com/bvnkm, 838.639.784.257
1999/01/41 10:12, de, 479, www.hortonworks.com/smz, www.google.com/bvoc, 546.546.816.686
1999/01/41 10:12, se, 457, www.google.com/l4, www.yahoo.com/tukdj, 642.279.338.642
1999/01/41 10:12, uk, 561, www.hortonworks.com/ust, www.yahoo.com/hfgiw, 454.963.244.637
1999/01/41 10:12, se, 822, www.hortonworks.com/djg, www.yahoo.com/kpcni, 533.635.183.427
1999/01/41 10:12, de, 821, www.google.com/y4, www.yahoo.com/bndpv, 284.567.361.178
1999/01/41 10:12, se, 886, www.hortonworks.com/kyw, www.google.com/wdqg, 328.738.651.496
1999/01/41 10:12, se, 575, www.hortonworks.com/scj, www.google.com/dfxh, 446.838.432.812
1999/01/42 10:12, uk, 523, www.google.com/r4, www.google.com/bvzy, 769.319.813.631
1999/01/42 10:12, se, 696, www.hortonworks.com/dhr, www.yahoo.com/botmx, 394.833.562.429
1999/01/42 10:12, se, 724, www.hortonworks.com/kud, www.google.com/rrsi, 249.387.688.754
1999/01/42 10:12, se, 136, www.google.com/t4, www.yahoo.com/dbpgb, 544.238.618.733
1999/01/42 10:12, se, 266, www.google.com/i5, www.yahoo.com/spuio, 126.315.662.754
1999/01/42 10:12, de, 591, www.google.com/d5, www.google.com/ddzh, 668.757.248.597
1999/01/42 10:12, de, 136, www.google.com/g5, www.yahoo.com/ooqxw, 668.532.816.894
1999/01/42 10:12, de, 628, www.hortonworks.com/rzd, www.yahoo.com/kaxhy, 443.256.256.742
1999/01/42 10:12, de, 542, www.hortonworks.com/zgx, www.google.com/kbqe, 529.863.776.553
1999/01/42 10:12, de, 573, www.hortonworks.com/oyn, www.yahoo.com/ksrxk, 631.144.544.268
1999/01/42 10:12, uk, 665, www.hortonworks.com/nka, www.yahoo.com/tvvvv, 339.474.336.288
1999/01/42 10:12, uk, 553, www.google.com/i5, www.google.com/rrpr, 992.266.228.256
1999/01/43 10:12, de, 881, www.hortonworks.com/dnq, www.yahoo.com/bfveo, 348.373.628.657
1999/01/43 10:12, de, 322, www.google.com/e4, www.yahoo.com/wxwxy, 734.612.172.258
1999/01/43 10:12, de, 575, www.google.com/i5, www.google.com/eqvk, 646.233.293.688
1999/01/43 10:12, de, 195, www.google.com/c5, www.yahoo.com/xeblv, 492.788.985.759
1999/01/43 10:12, de, 881, www.hortonworks.com/qvk, www.yahoo.com/ogspl, 985.376.121.576
1999/01/43 10:12, de, 788, www.google.com/w5, www.yahoo.com/dlkav, 423.284.583.186
1999/01/43 10:12, se, 553, www.hortonworks.com/iwn, www.google.com/eosu, 829.872.834.839
1999/01/43 10:12, de, 943, www.hortonworks.com/beu, www.yahoo.com/mlwxt, 432.288.744.869
1999/01/43 10:12, uk, 634, www.google.com/v4, www.google.com/prjp, 554.554.879.262
1999/01/43 10:12, us, 377, www.hortonworks.com/pfe, www.yahoo.com/nceem, 677.858.563.577
1999/01/43 10:12, se, 573, www.google.com/b5, www.yahoo.com/opnjg, 775.663.947.857
1999/01/43 10:12, us, 522, www.google.com/y5, www.yahoo.com/qtlwo, 461.263.572.326
1999/01/44 10:12, se, 872, www.hortonworks.com/gfm, www.yahoo.com/gtbbr, 485.224.663.958
1999/01/44 10:12, se, 269, www.google.com/n4, www.google.com/ycdn, 431.213.146.688
1999/01/44 10:12, de, 464, www.hortonworks.com/eys, www.yahoo.com/wwsjg, 197.663.163.326
1999/01/44 10:12, de, 727, www.hortonworks.com/jdy, www.yahoo.com/smlxj, 258.573.428.268
1999/01/44 10:12, se, 384, www.google.com/k4, www.google.com/wcte, 257.834.593.532
1999/01/44 10:12, de, 548, www.hortonworks.com/pof, www.google.com/rwii, 295.536.643.482
1999/01/44 10:12, uk, 324, www.hortonworks.com/yiq, www.yahoo.com/iofav, 182.525.628.219
1999/01/44 10:12, us, 667, www.hortonworks.com/cro, www.google.com/wmuj, 623.133.651.622
1999/01/44 10:12, de, 446, www.google.com/e4, www.yahoo.com/xjnpk, 517.522.431.358
1999/01/44 10:12, uk, 712, www.google.com/h5, www.yahoo.com/vpqye, 316.543.438.838
1999/01/44 10:12, us, 382, www.google.com/g4, www.google.com/elpk, 394.516.335.748
1999/01/44 10:12, se, 168, www.hortonworks.com/dzy, www.google.com/kxqr, 788.875.486.819
1999/01/45 10:12, de, 847, www.hortonworks.com/omd, www.yahoo.com/sxgmo, 463.462.648.567
1999/01/45 10:12, de, 867, www.google.com/j4, www.google.com/nhxd, 622.294.765.377
1999/01/45 10:12, uk, 637, www.hortonworks.com/wyg, www.yahoo.com/etlol, 531.267.728.456
1999/01/45 10:12, se, 873, www.google.com/y5, www.yahoo.com/wxxyj, 633.888.867.131
1999/01/45 10:12, de, 244, www.google.com/b5, www.yahoo.com/mxtfo, 442.782.466.457
1999/01/45 10:12, de, 881, www.hortonworks.com/soi, www.google.com/mmew, 215.936.237.366
1999/01/45 10:12, uk, 525, www.hortonworks.com/pgg, www.yahoo.com/amlyp, 314.748.541.365
1999/01/45 10:12, de, 315, www.hortonworks.com/kau, www.google.com/doxn, 497.452.365.533
1999/01/45 10:12, de, 368, www.google.com/w4, www.google.com/ofxx, 333.618.364.675
1999/01/45 10:12, us, 756, www.hortonworks.com/feo, www.yahoo.com/jtkjd, 785.754.235.316
1999/01/45 10:12, de, 286, www.hortonworks.com/mdt, www.yahoo.com/srfvk, 244.369.987.528
1999/01/45 10:12, uk, 885, www.hortonworks.com/mms, www.google.com/gklt, 897.724.428.238
1999/01/46 10:12, us, 785, www.google.com/t4, www.google.com/wdnq, 388.819.755.841
1999/01/46 10:12, se, 383, www.google.com/s4, www.google.com/kxze, 338.982.214.232
1999/01/46 10:12, us, 583, www.hortonworks.com/dmb, www.google.com/kgmt, 382.777.776.354
1999/01/46 10:12, de, 774, www.google.com/p4, www.google.com/cony, 495.262.624.438
1999/01/46 10:12, se, 532, www.hortonworks.com/tyh, www.yahoo.com/pvrlh, 375.569.667.238
1999/01/46 10:12, us, 754, www.hortonworks.com/njn, www.yahoo.com/cwtbm, 985.457.255.949
1999/01/46 10:12, de, 254, www.google.com/n5, www.yahoo.com/idvjw, 155.336.178.315
1999/01/46 10:12, de, 477, www.hortonworks.com/gjf, www.yahoo.com/weoug, 424.331.879.154
1999/01/46 10:12, de, 678, www.google.com/k4, www.google.com/wjpy, 322.652.563.797
1999/01/46 10:12, de, 572, www.hortonworks.com/ilb, www.google.com/qtfp, 949.297.453.315
1999/01/46 10:12, se, 676, www.hortonworks.com/cdr, www.google.com/ursp, 535.687.466.672
1999/01/46 10:12, se, 322, www.google.com/v5, www.yahoo.com/lvlfw, 823.538.356.795
1999/01/47 10:12, se, 677, www.hortonworks.com/vuv, www.yahoo.com/fpbni, 975.572.364.459
1999/01/47 10:12, se, 242, www.google.com/v5, www.google.com/inop, 258.762.147.865
1999/01/47 10:12, uk, 236, www.google.com/i5, www.yahoo.com/nsbfu, 635.754.824.282
1999/01/47 10:12, us, 994, www.google.com/j4, www.google.com/qikw, 267.765.846.778
1999/01/47 10:12, de, 765, www.hortonworks.com/bcf, www.google.com/tynb, 378.927.513.982
1999/01/47 10:12, de, 632, www.google.com/b5, www.yahoo.com/noyih, 743.829.436.228
1999/01/47 10:12, uk, 717, www.google.com/l4, www.yahoo.com/ewlup, 563.773.724.626
1999/01/47 10:12, uk, 246, www.google.com/m5, www.yahoo.com/tvoij, 766.456.925.249
1999/01/47 10:12, de, 841, www.google.com/j4, www.google.com/hwgq, 964.634.888.282
1999/01/47 10:12, de, 443, www.google.com/c5, www.google.com/morh, 562.516.433.942
1999/01/47 10:12, de, 128, www.google.com/j4, www.google.com/eqjg, 852.425.186.723
1999/01/47 10:12, uk, 234, www.hortonworks.com/omb, www.google.com/wypb, 237.365.236.342
1999/01/48 10:12, de, 446, www.google.com/s4, www.google.com/mrek, 564.537.382.155
1999/01/48 10:12, de, 838, www.hortonworks.com/ujr, www.google.com/lxhe, 332.723.838.583
1999/01/48 10:12, de, 497, www.google.com/d5, www.yahoo.com/vsvxg, 663.764.277.637
1999/01/48 10:12, de, 669, www.google.com/a5, www.yahoo.com/ydycp, 749.778.659.257
1999/01/48 10:12, se, 729, www.hortonworks.com/aza, www.yahoo.com/uisjs, 756.224.458.258
1999/01/48 10:12, de, 218, www.hortonworks.com/wxm, www.yahoo.com/fiopi, 864.792.753.784
1999/01/48 10:12, se, 375, www.hortonworks.com/sfl, www.google.com/gdyi, 474.485.598.266
1999/01/48 10:12, de, 576, www.google.com/s5, www.google.com/tafp, 369.186.498.355
1999/01/48 10:12, de, 543, www.google.com/h5, www.google.com/plas, 168.287.867.842
1999/01/48 10:12, uk, 738, www.hortonworks.com/lfh, www.google.com/ejwi, 829.424.588.112
1999/01/48 10:12, de, 535, www.hortonworks.com/vgw, www.yahoo.com/pyoyi, 819.251.235.174
1999/01/48 10:12, de, 564, www.hortonworks.com/vfa, www.google.com/ydow, 494.535.484.961
1999/01/49 10:12, de, 536, www.hortonworks.com/uuu, www.yahoo.com/zcfln, 833.287.624.521
1999/01/49 10:12, de, 227, www.hortonworks.com/jgk, www.yahoo.com/nbwsb, 252.435.225.674
1999/01/49 10:12, se, 795, www.google.com/r5, www.yahoo.com/pklcy, 965.329.182.635
1999/01/49 10:12, se, 818, www.google.com/e4, www.google.com/ixow, 848.773.494.288
1999/01/49 10:12, de, 675, www.hortonworks.com/ken, www.google.com/mlkk, 456.333.852.947
1999/01/49 10:12, de, 873, www.hortonworks.com/knx, www.yahoo.com/kkkiv, 554.721.746.825
1999/01/49 10:12, us, 913, www.hortonworks.com/wyc, www.yahoo.com/jxxmd, 174.285.366.385
1999/01/49 10:12, de, 689, www.hortonworks.com/odn, www.yahoo.com/hlklm, 686.484.868.264
1999/01/49 10:12, de, 715, www.google.com/m4, www.google.com/whkk, 665.847.125.157
1999/01/49 10:12, se, 368, www.google.com/f5, www.google.com/ejtv, 394.744.777.174
1999/01/49 10:12, uk, 749, www.hortonworks.com/has, www.yahoo.com/ypqlf, 427.949.723.433
1999/01/49 10:12, us, 336, www.google.com/h5, www.google.com/hkdi, 625.396.944.723
1999/01/50 10:12, us, 921, www.google.com/q4, www.google.com/fnzn, 387.867.178.335
1999/01/50 10:12, us, 697, www.google.com/l4, www.google.com/nofr, 844.748.656.524
1999/01/50 10:12, se, 256, www.google.com/u4, www.yahoo.com/coify, 851.437.842.967
1999/01/50 10:12, de, 835, www.hortonworks.com/nwm, www.google.com/kldo, 825.899.774.257
1999/01/50 10:12, se, 241, www.google.com/n5, www.google.com/lpwl, 853.794.778.327
1999/01/50 10:12, se, 324, www.google.com/q5, www.google.com/gegr, 679.829.377.232
1999/01/50 10:12, de, 735, www.hortonworks.com/wdx, www.google.com/sgqg, 938.536.688.333
1999/01/50 10:12, uk, 497, www.google.com/d5, www.google.com/uiyg, 238.482.483.717
1999/01/50 10:12, se, 346, www.google.com/x4, www.google.com/kyku, 352.627.237.566
1999/01/50 10:12, se, 462, www.google.com/b4, www.google.com/lriu, 647.472.461.412
1999/01/50 10:12, us, 758, www.google.com/h5, www.yahoo.com/kqmoy, 557.793.816.727
1999/01/50 10:12, us, 766, www.google.com/u4, www.yahoo.com/jkotb, 534.681.333.351
1999/01/51 10:12, de, 525, www.hortonworks.com/joe, www.yahoo.com/qmcmj, 961.289.654.858
1999/01/51 10:12, de, 242, www.hortonworks.com/xvm, www.yahoo.com/srtkx, 937.344.883.948
1999/01/51 10:12, se, 435, www.hortonworks.com/bgr, www.google.com/fsgp, 868.485.216.339
1999/01/51 10:12, se, 524, www.google.com/g5, www.yahoo.com/zhdfk, 752.411.457.745
1999/01/51 10:12, se, 944, www.google.com/y4, www.google.com/sxop, 852.424.269.285
1999/01/51 10:12, de, 262, www.google.com/b5, www.google.com/lyql, 623.695.329.481
1999/01/51 10:12, us, 463, www.google.com/i5, www.yahoo.com/czvzx, 293.817.652.358
1999/01/51 10:12, de, 896, www.hortonworks.com/smw, www.google.com/qsrf, 714.945.359.278
1999/01/51 10:12, de, 712, www.hortonworks.com/nhh, www.yahoo.com/ciwvt, 465.573.597.971
1999/01/51 10:12, de, 558, www.hortonworks.com/cnh, www.google.com/joxt, 434.683.676.967
1999/01/51 10:12, us, 864, www.hortonworks.com/yju, www.google.com/udmj, 835.232.214.726
1999/01/51 10:12, de, 586, www.google.com/q4, www.yahoo.com/obybw, 649.415.822.735
1999/01/52 10:12, de, 392, www.google.com/l5, www.google.com/nvgg, 473.148.851.723
1999/01/52 10:12, de, 873, www.google.com/u4, www.yahoo.com/fmtvd, 695.475.752.247
1999/01/52 10:12, uk, 574, www.hortonworks.com/bxp, www.yahoo.com/ejkko, 484.682.243.576
1999/01/52 10:12, de, 996, www.google.com/m4, www.google.com/pips, 147.529.816.927
1999/01/52 10:12, us, 154, www.google.com/x4, www.yahoo.com/sjcwa, 275.161.393.145
1999/01/52 10:12, uk, 427, www.google.com/x5, www.yahoo.com/mmlsr, 338.722.831.565
1999/01/52 10:12, de, 876, www.google.com/x4, www.yahoo.com/kbvqx, 667.569.782.196
1999/01/52 10:12, de, 932, www.google.com/s5, www.google.com/ptmm, 624.754.536.533
1999/01/52 10:12, de, 257, www.hortonworks.com/ndl, www.yahoo.com/mutjl, 638.346.219.456
1999/01/52 10:12, de, 192, www.google.com/g4, www.google.com/wniz, 446.242.535.263
1999/01/52 10:12, se, 274, www.hortonworks.com/nfv, www.google.com/pqrh, 638.385.822.511
1999/01/52 10:12, de, 864, www.google.com/d4, www.yahoo.com/wnaax, 723.637.742.839
1999/01/53 10:12, de, 874, www.google.com/p5, www.yahoo.com/uvlyl, 422.666.754.348
1999/01/53 10:12, us, 415, www.google.com/h4, www.google.com/biba, 656.567.426.738
1999/01/53 10:12, de, 714, www.google.com/o4, www.yahoo.com/hlfjv, 828.453.583.241
1999/01/53 10:12, de, 877, www.hortonworks.com/cnl, www.google.com/ljss, 425.486.256.832
1999/01/53 10:12, de, 718, www.google.com/b4, www.google.com/zdmp, 513.558.166.644
1999/01/53 10:12, se, 734, www.hortonworks.com/bti, www.yahoo.com/nirvp, 657.448.546.533
1999/01/53 10:12, se, 527, www.google.com/k4, www.google.com/cbuc, 292.213.252.572
1999/01/53 10:12, de, 346, www.hortonworks.com/wuw, www.yahoo.com/lkvzv, 371.358.165.231
1999/01/53 10:12, se, 764, www.hortonworks.com/jgj, www.yahoo.com/vvjxp, 428.236.875.587
1999/01/53 10:12, de, 768, www.google.com/j5, www.google.com/vcoj, 728.676.552.772
1999/01/53 10:12, de, 233, www.hortonworks.com/npy, www.google.com/kbgy, 144.973.487.565
1999/01/53 10:12, us, 153, www.google.com/p4, www.yahoo.com/glyim, 695.662.411.143
1999/01/54 10:12, se, 232, www.hortonworks.com/ixk, www.google.com/ufoo, 613.672.982.737
1999/01/54 10:12, se, 629, www.google.com/e5, www.google.com/ghic, 695.211.796.852
1999/01/54 10:12, de, 176, www.google.com/v4, www.yahoo.com/pnbrw, 392.743.533.562
1999/01/54 10:12, de, 936, www.hortonworks.com/zug, www.google.com/pngd, 785.562.843.924
1999/01/54 10:12, de, 825, www.google.com/f4, www.yahoo.com/yoykj, 542.254.321.883
1999/01/54 10:12, us, 513, www.hortonworks.com/dhz, www.yahoo.com/gcntj, 377.874.583.865
1999/01/54 10:12, us, 935, www.google.com/g4, www.google.com/wwqw, 222.646.817.527
1999/01/54 10:12, de, 732, www.hortonworks.com/dtt, www.google.com/eyci, 796.877.245.973
1999/01/54 10:12, de, 845, www.hortonworks.com/dqk, www.yahoo.com/vxysh, 466.577.753.778
1999/01/54 10:12, de, 246, www.hortonworks.com/wgv, www.yahoo.com/hjwsi, 492.963.958.987
1999/01/54 10:12, se, 253, www.google.com/q4, www.yahoo.com/tqfoz, 387.452.253.463
1999/01/54 10:12, us, 456, www.hortonworks.com/fzi, www.yahoo.com/kkwfd, 847.563.841.223
1999/01/55 10:12, uk, 719, www.hortonworks.com/oor, www.yahoo.com/yrqqo, 276.291.535.151
1999/01/55 10:12, uk, 316, www.hortonworks.com/enq, www.yahoo.com/yobjo, 249.998.648.375
1999/01/55 10:12, de, 261, www.hortonworks.com/ssj, www.google.com/tenw, 225.656.274.515
1999/01/55 10:12, uk, 246, www.hortonworks.com/rch, www.google.com/movf, 668.758.561.552
1999/01/55 10:12, us, 267, www.google.com/x5, www.google.com/xdli, 375.275.625.458
1999/01/55 10:12, de, 653, www.hortonworks.com/hev, www.yahoo.com/hohro, 477.579.172.696
1999/01/55 10:12, se, 224, www.google.com/r4, www.yahoo.com/gkdvv, 876.349.582.648
1999/01/55 10:12, de, 763, www.google.com/d4, www.google.com/iwgt, 518.534.526.462
1999/01/55 10:12, de, 558, www.google.com/a5, www.yahoo.com/mbufh, 158.175.584.484
1999/01/55 10:12, de, 146, www.google.com/g5, www.yahoo.com/yhnxj, 422.566.116.432
1999/01/55 10:12, de, 482, www.hortonworks.com/rwf, www.google.com/siwj, 478.572.822.661
1999/01/55 10:12, uk, 822, www.hortonworks.com/jgx, www.google.com/sxxp, 426.496.238.633
1999/01/56 10:12, se, 347, www.google.com/o4, www.google.com/ggpq, 877.684.278.712
1999/01/56 10:12, us, 525, www.hortonworks.com/jkm, www.yahoo.com/ndwmy, 754.845.718.775
1999/01/56 10:12, de, 238, www.google.com/j5, www.google.com/rmyy, 968.223.256.873
1999/01/56 10:12, se, 585, www.hortonworks.com/sxc, www.yahoo.com/aitqf, 884.338.263.937
1999/01/56 10:12, se, 266, www.hortonworks.com/xuf, www.yahoo.com/hmotu, 825.243.569.994
1999/01/56 10:12, se, 426, www.google.com/u4, www.google.com/kehm, 184.244.836.334
1999/01/56 10:12, de, 369, www.google.com/u4, www.google.com/yepz, 483.383.297.375
1999/01/56 10:12, us, 368, www.hortonworks.com/tjp, www.yahoo.com/lezjh, 177.691.447.653
1999/01/56 10:12, se, 396, www.hortonworks.com/dix, www.google.com/enbv, 652.496.482.487
1999/01/56 10:12, se, 542, www.hortonworks.com/vuc, www.google.com/kssm, 295.752.897.827
1999/01/56 10:12, uk, 336, www.hortonworks.com/ovr, www.google.com/lybx, 328.662.473.271
1999/01/56 10:12, se, 912, www.google.com/n5, www.google.com/nusn, 877.535.748.446
1999/01/57 10:12, us, 667, www.google.com/v4, www.yahoo.com/rvfwj, 633.871.982.184
1999/01/57 10:12, se, 646, www.hortonworks.com/vyk, www.yahoo.com/tpabw, 842.543.324.666
1999/01/57 10:12, de, 228, www.hortonworks.com/mqd, www.yahoo.com/eiwlm, 517.385.684.737
1999/01/57 10:12, us, 669, www.hortonworks.com/jtq, www.google.com/elof, 267.572.959.884
1999/01/57 10:12, se, 462, www.hortonworks.com/uuy, www.google.com/ente, 362.344.875.172
1999/01/57 10:12, se, 834, www.google.com/e4, www.google.com/xmpe, 314.742.664.638
1999/01/57 10:12, de, 633, www.hortonworks.com/ohl, www.yahoo.com/pllmp, 473.216.126.386
1999/01/57 10:12, se, 333, www.hortonworks.com/omq, www.yahoo.com/pzqfm, 562.763.712.458
1999/01/57 10:12, de, 552, www.google.com/g5, www.yahoo.com/tmkbl, 312.735.666.127
1999/01/57 10:12, uk, 556, www.google.com/q4, www.google.com/ugkn, 156.655.561.857
1999/01/57 10:12, de, 846, www.hortonworks.com/gyr, www.google.com/fbjf, 887.487.662.559
1999/01/57 10:12, de, 138, www.google.com/e5, www.yahoo.com/mzfwc, 435.466.725.265
1999/01/58 10:12, se, 584, www.hortonworks.com/ymt, www.yahoo.com/mhtqc, 639.764.723.338
1999/01/58 10:12, us, 818, www.google.com/l5, www.yahoo.com/fckbb, 836.482.886.486
1999/01/58 10:12, de, 324, www.google.com/c4, www.google.com/axtk, 621.585.858.635
1999/01/58 10:12, de, 532, www.hortonworks.com/jcu, www.google.com/vsqw, 265.721.458.543
1999/01/58 10:12, de, 648, www.hortonworks.com/zmi, www.yahoo.com/yhctd, 858.816.621.478
1999/01/58 10:12, de, 645, www.google.com/w4, www.yahoo.com/pxudo, 636.169.518.486
1999/01/58 10:12, se, 622, www.google.com/w4, www.google.com/qzps, 774.313.438.996
1999/01/58 10:12, se, 478, www.google.com/t4, www.yahoo.com/vjmiq, 739.872.627.854
1999/01/58 10:12, se, 616, www.google.com/p4, www.yahoo.com/ibywq, 567.686.524.626
1999/01/58 10:12, de, 987, www.hortonworks.com/ogr, www.google.com/ohph, 273.438.787.543
1999/01/58 10:12, de, 817, www.hortonworks.com/azu, www.yahoo.com/jivpi, 325.443.737.752
1999/01/58 10:12, se, 371, www.google.com/j4, www.google.com/ghge, 593.163.866.454
1999/01/59 10:12, us, 733, www.hortonworks.com/vnz, www.google.com/tiqx, 936.586.232.484
1999/01/59 10:12, uk, 174, www.google.com/b4, www.yahoo.com/eyphw, 843.948.498.812
1999/01/59 10:12, se, 761, www.google.com/q5, www.google.com/sdkg, 559.957.452.459
1999/01/59 10:12, de, 919, www.google.com/z4, www.yahoo.com/hrowd, 716.128.465.645
1999/01/59 10:12, de, 475, www.hortonworks.com/lon, www.yahoo.com/uaemn, 724.286.278.675
1999/01/59 10:12, de, 669, www.google.com/m4, www.google.com/jgst, 365.422.767.586
1999/01/59 10:12, se, 696, www.hortonworks.com/oeg, www.google.com/uogr, 794.482.223.262
1999/01/59 10:12, de, 173, www.hortonworks.com/lss, www.yahoo.com/htscj, 262.783.832.759
1999/01/59 10:12, de, 394, www.google.com/t5, www.google.com/lxwm, 753.933.854.298
1999/01/59 10:12, de, 873, www.google.com/o5, www.google.com/mxcn, 741.125.638.295
1999/01/59 10:12, de, 619, www.hortonworks.com/kbo, www.google.com/fhqm, 348.497.257.887
1999/01/59 10:12, de, 155, www.google.com/k4, www.google.com/okeo, 528.882.922.557
1999/01/00 11:12, de, 722, www.hortonworks.com/ntf, www.yahoo.com/cqmhl, 635.763.557.676
1999/01/00 11:12, us, 542, www.hortonworks.com/zse, www.yahoo.com/sogjk, 546.691.946.637
1999/01/00 11:12, us, 963, www.hortonworks.com/ueb, www.google.com/mlpr, 434.138.745.474
1999/01/00 11:12, de, 549, www.google.com/l4, www.yahoo.com/cofnu, 167.473.454.676
1999/01/00 11:12, de, 139, www.hortonworks.com/nih, www.google.com/ihpk, 495.675.975.642
1999/01/00 11:12, de, 366, www.google.com/r5, www.yahoo.com/xebik, 126.579.332.435
1999/01/00 11:12, de, 947, www.hortonworks.com/fkr, www.yahoo.com/qfckw, 632.652.235.757
1999/01/00 11:12, se, 562, www.google.com/r5, www.google.com/wmwx, 579.676.582.482
1999/01/00 11:12, de, 725, www.google.com/j4, www.yahoo.com/mlpuk, 488.348.627.929
1999/01/00 11:12, se, 267, www.google.com/u4, www.yahoo.com/rxfok, 478.875.595.693
1999/01/00 11:12, se, 132, www.google.com/n5, www.yahoo.com/gtxnk, 764.631.183.382
1999/01/00 11:12, se, 584, www.google.com/t5, www.google.com/bnmp, 316.978.786.598
1999/01/01 11:12, us, 558, www.google.com/k4, www.google.com/pewm, 284.833.641.847
1999/01/01 11:12, de, 833, www.google.com/r5, www.yahoo.com/bwrqg, 622.397.114.256
1999/01/01 11:12, de, 677, www.hortonworks.com/ryj, www.google.com/xrkg, 534.688.261.886
1999/01/01 11:12, us, 594, www.google.com/n5, www.yahoo.com/woukp, 323.664.683.815
1999/01/01 11:12, se, 692, www.hortonworks.com/xyw, www.google.com/lxlq, 468.342.617.354
1999/01/01 11:12, de, 524, www.hortonworks.com/ifx, www.yahoo.com/mwxks, 228.558.967.382
1999/01/01 11:12, se, 317, www.hortonworks.com/hur, www.yahoo.com/rtaob, 414.237.923.821
1999/01/01 11:12, de, 575, www.hortonworks.com/svz, www.google.com/sjsk, 555.495.979.647
1999/01/01 11:12, se, 478, www.google.com/e4, www.google.com/ocdl, 348.293.725.285
1999/01/01 11:12, de, 945, www.hortonworks.com/wni, www.yahoo.com/pjmqp, 694.366.245.642
1999/01/01 11:12, uk, 636, www.google.com/q5, www.google.com/svpm, 465.946.844.627
1999/01/01 11:12, de, 345, www.hortonworks.com/lyq, www.google.com/svir, 326.975.795.151
1999/01/02 11:12, se, 443, www.google.com/l4, www.google.com/ielw, 625.267.885.467
1999/01/02 11:12, de, 395, www.hortonworks.com/rdf, www.google.com/khil, 487.658.446.233
1999/01/02 11:12, us, 585, www.google.com/d4, www.yahoo.com/advpo, 664.577.529.466
1999/01/02 11:12, de, 994, www.hortonworks.com/rqs, www.yahoo.com/xdxrk, 771.287.655.529
1999/01/02 11:12, de, 244, www.hortonworks.com/ijw, www.google.com/mkvr, 543.136.468.458
1999/01/02 11:12, se, 387, www.google.com/f4, www.yahoo.com/fpdml, 314.696.484.787
1999/01/02 11:12, de, 667, www.google.com/h5, www.yahoo.com/kbwxd, 846.465.733.847
1999/01/02 11:12, de, 682, www.hortonworks.com/kqr, www.google.com/hdgi, 578.997.687.146
1999/01/02 11:12, se, 638, www.hortonworks.com/owp, www.yahoo.com/jvtnd, 329.453.622.226
1999/01/02 11:12, de, 686, www.hortonworks.com/kty, www.yahoo.com/whxpd, 688.725.363.752
1999/01/02 11:12, uk, 368, www.google.com/n5, www.google.com/xjpt, 893.778.553.414
1999/01/02 11:12, us, 163, www.hortonworks.com/bxm, www.google.com/jbov, 254.832.895.726
1999/01/03 11:12, uk, 357, www.hortonworks.com/yxh, www.google.com/dmgf, 257.292.232.323
1999/01/03 11:12, us, 623, www.google.com/h5, www.yahoo.com/jmksx, 835.677.969.726
1999/01/03 11:12, de, 742, www.hortonworks.com/bwg, www.google.com/mtht, 421.263.628.542
1999/01/03 11:12, se, 525, www.hortonworks.com/tqw, www.yahoo.com/djdln, 938.559.445.146
1999/01/03 11:12, se, 756, www.google.com/h4, www.google.com/qnvs, 274.647.121.142
1999/01/03 11:12, de, 273, www.hortonworks.com/bhe, www.google.com/idsb, 697.975.596.835
1999/01/03 11:12, de, 534, www.google.com/i5, www.yahoo.com/mmufq, 484.662.344.922
1999/01/03 11:12, uk, 546, www.google.com/t5, www.google.com/bwya, 199.558.946.264
1999/01/03 11:12, de, 757, www.hortonworks.com/eto, www.google.com/rond, 597.623.683.134
1999/01/03 11:12, uk, 797, www.hortonworks.com/ohk, www.yahoo.com/bddvt, 286.355.693.624
1999/01/03 11:12, de, 849, www.hortonworks.com/kgc, www.yahoo.com/mtxmz, 267.852.549.673
1999/01/03 11:12, de, 747, www.google.com/p5, www.yahoo.com/sbqew, 172.434.325.765
1999/01/04 11:12, uk, 271, www.google.com/m4, www.google.com/eilp, 328.174.454.551
1999/01/04 11:12, uk, 488, www.hortonworks.com/kge, www.yahoo.com/itibg, 518.455.766.672
1999/01/04 11:12, de, 425, www.google.com/v5, www.google.com/ktbs, 198.348.273.228
1999/01/04 11:12, se, 975, www.hortonworks.com/bqh, www.yahoo.com/ujjth, 983.564.241.636
1999/01/04 11:12, de, 374, www.google.com/m5, www.yahoo.com/ntgeq, 647.397.755.945
1999/01/04 11:12, de, 135, www.google.com/r4, www.google.com/ngoz, 747.527.227.796
1999/01/04 11:12, uk, 874, www.hortonworks.com/vmr, www.yahoo.com/sdilb, 425.267.467.554
1999/01/04 11:12, se, 633, www.hortonworks.com/dmj, www.google.com/tugh, 387.457.493.556
1999/01/04 11:12, us, 283, www.hortonworks.com/nhi, www.google.com/iins, 285.583.787.263
1999/01/04 11:12, uk, 455, www.google.com/m5, www.google.com/scfn, 813.536.896.821
1999/01/04 11:12, de, 697, www.google.com/w4, www.yahoo.com/kbhpc, 783.333.284.765
1999/01/04 11:12, se, 922, www.hortonworks.com/lpt, www.yahoo.com/vwpay, 747.532.633.649
1999/01/05 11:12, de, 737, www.google.com/g4, www.google.com/rlrp, 376.752.262.256
1999/01/05 11:12, se, 457, www.google.com/f4, www.google.com/qfnk, 222.432.543.758
1999/01/05 11:12, de, 233, www.hortonworks.com/ltf, www.google.com/tioi, 955.546.852.837
1999/01/05 11:12, se, 734, www.hortonworks.com/cul, www.yahoo.com/ufddr, 296.999.182.587
1999/01/05 11:12, de, 757, www.google.com/o4, www.google.com/muyo, 172.584.129.327
1999/01/05 11:12, de, 682, www.hortonworks.com/gaq, www.google.com/rbjn, 848.723.732.683
1999/01/05 11:12, de, 593, www.google.com/j4, www.yahoo.com/cvtpd, 987.799.476.781
1999/01/05 11:12, de, 367, www.hortonworks.com/wjy, www.yahoo.com/bdevy, 766.398.588.827
1999/01/05 11:12, us, 384, www.google.com/z4, www.google.com/rhen, 331.473.744.317
1999/01/05 11:12, de, 828, www.google.com/l4, www.yahoo.com/jjrsi, 341.864.457.136
1999/01/05 11:12, se, 633, www.hortonworks.com/dwd, www.google.com/uhzl, 542.339.278.233
1999/01/05 11:12, se, 472, www.google.com/x5, www.yahoo.com/mzppy, 894.991.849.722
1999/01/06 11:12, de, 761, www.google.com/c4, www.yahoo.com/tuhxc, 655.165.388.772
1999/01/06 11:12, uk, 664, www.google.com/c5, www.google.com/fqnk, 235.572.847.844
1999/01/06 11:12, de, 378, www.hortonworks.com/fco, www.yahoo.com/hsxyw, 686.787.919.437
1999/01/06 11:12, se, 626, www.hortonworks.com/iwe, www.google.com/butl, 628.761.843.524
1999/01/06 11:12, de, 383, www.hortonworks.com/gkn, www.yahoo.com/ilphf, 354.958.752.888
1999/01/06 11:12, se, 325, www.google.com/u4, www.yahoo.com/entgr, 426.476.237.935
1999/01/06 11:12, se, 435, www.hortonworks.com/wur, www.google.com/bpmc, 123.946.339.695
1999/01/06 11:12, se, 536, www.hortonworks.com/igm, www.yahoo.com/okbno, 681.323.262.564
1999/01/06 11:12, se, 515, www.hortonworks.com/cvu, www.google.com/lxuj, 423.666.274.846
1999/01/06 11:12, se, 224, www.hortonworks.com/bnc, www.yahoo.com/xnecx, 274.682.457.956
1999/01/06 11:12, de, 956, www.hortonworks.com/whh, www.google.com/odfx, 695.536.113.325
1999/01/06 11:12, de, 837, www.hortonworks.com/bbq, www.google.com/vheh, 555.416.578.237
1999/01/07 11:12, de, 368, www.hortonworks.com/xqv, www.yahoo.com/yuuyf, 289.887.343.697
1999/01/07 11:12, de, 142, www.google.com/m5, www.yahoo.com/dxppx, 834.583.838.752
1999/01/07 11:12, de, 598, www.hortonworks.com/qqx, www.yahoo.com/exgos, 378.672.275.365
1999/01/07 11:12, de, 335, www.google.com/y4, www.google.com/pueu, 435.785.574.556
1999/01/07 11:12, de, 538, www.google.com/r4, www.google.com/bjob, 648.632.718.733
1999/01/07 11:12, de, 963, www.google.com/r5, www.yahoo.com/uezrf, 268.872.654.825
1999/01/07 11:12, de, 929, www.google.com/z5, www.yahoo.com/tmpdc, 446.133.878.744
1999/01/07 11:12, se, 892, www.google.com/b4, www.yahoo.com/dbyid, 752.349.184.864
1999/01/07 11:12, de, 256, www.google.com/d4, www.yahoo.com/tjhel, 746.545.756.677
1999/01/07 11:12, de, 935, www.hortonworks.com/omf, www.google.com/wemp, 136.682.511.813
1999/01/07 11:12, de, 898, www.hortonworks.com/fsv, www.yahoo.com/vfdwt, 712.268.882.514
1999/01/07 11:12, uk, 742, www.google.com/w5, www.yahoo.com/uhgfn, 492.615.943.817
1999/01/08 11:12, de, 527, www.hortonworks.com/mfm, www.yahoo.com/pvyee, 647.717.646.327
1999/01/08 11:12, uk, 725, www.hortonworks.com/jfl, www.google.com/pinp, 754.757.198.554
1999/01/08 11:12, de, 451, www.hortonworks.com/sae, www.google.com/wqdk, 443.354.625.929
1999/01/08 11:12, se, 733, www.hortonworks.com/dcy, www.google.com/oihx, 332.213.678.683
1999/01/08 11:12, us, 551, www.hortonworks.com/aco, www.yahoo.com/wpjpf, 363.351.539.866
1999/01/08 11:12, de, 834, www.google.com/x5, www.google.com/hhwf, 848.738.868.353
1999/01/08 11:12, us, 831, www.hortonworks.com/tyo, www.google.com/prpv, 582.135.394.455
1999/01/08 11:12, us, 318, www.google.com/h5, www.google.com/dbwy, 867.262.447.563
1999/01/08 11:12, de, 863, www.hortonworks.com/cmc, www.google.com/nxvr, 227.587.729.736
1999/01/08 11:12, se, 668, www.hortonworks.com/vbf, www.yahoo.com/nhntk, 871.863.592.548
1999/01/08 11:12, us, 143, www.google.com/c5, www.yahoo.com/cmnqw, 253.833.765.845
1999/01/08 11:12, de, 286, www.google.com/j4, www.google.com/akaj, 737.433.233.336
1999/01/09 11:12, de, 311, www.hortonworks.com/fsn, www.yahoo.com/rrxwy, 634.928.177.663
1999/01/09 11:12, de, 957, www.hortonworks.com/rux, www.google.com/jhoh, 328.288.349.736
1999/01/09 11:12, us, 664, www.hortonworks.com/gqd, www.google.com/yfuj, 843.842.471.472
1999/01/09 11:12, de, 566, www.hortonworks.com/lin, www.yahoo.com/vrhwm, 853.857.975.883
1999/01/09 11:12, de, 937, www.hortonworks.com/rem, www.google.com/cbip, 784.559.683.152
1999/01/09 11:12, de, 677, www.hortonworks.com/ing, www.yahoo.com/yudmi, 224.725.933.356
1999/01/09 11:12, de, 668, www.google.com/m5, www.yahoo.com/ivcyj, 762.958.557.312
1999/01/09 11:12, de, 338, www.google.com/n5, www.google.com/crml, 237.291.682.478
1999/01/09 11:12, se, 278, www.hortonworks.com/sok, www.google.com/xecw, 226.576.365.857
1999/01/09 11:12, de, 548, www.hortonworks.com/obo, www.google.com/myad, 768.479.958.325
1999/01/09 11:12, us, 827, www.hortonworks.com/nkq, www.google.com/qodp, 222.881.314.664
1999/01/09 11:12, de, 553, www.google.com/y5, www.google.com/hdbq, 746.577.887.536
1999/01/10 11:12, se, 648, www.google.com/r5, www.yahoo.com/jfjgb, 543.879.257.767
1999/01/10 11:12, de, 364, www.google.com/f5, www.google.com/agpm, 892.883.731.868
1999/01/10 11:12, se, 886, www.hortonworks.com/ozm, www.google.com/rrck, 858.882.427.928
1999/01/10 11:12, uk, 131, www.google.com/e4, www.yahoo.com/vvnte, 236.887.822.373
1999/01/10 11:12, de, 787, www.hortonworks.com/eek, www.google.com/rrab, 591.265.333.881
1999/01/10 11:12, uk, 277, www.google.com/v4, www.google.com/yrje, 875.637.134.842
1999/01/10 11:12, us, 916, www.hortonworks.com/gub, www.google.com/lunh, 538.122.691.299
1999/01/10 11:12, de, 762, www.google.com/i4, www.google.com/ofan, 332.912.554.465
1999/01/10 11:12, se, 881, www.google.com/n5, www.yahoo.com/dmgkw, 376.933.196.526
1999/01/10 11:12, de, 266, www.hortonworks.com/bhx, www.yahoo.com/fhgwm, 575.862.883.236
1999/01/10 11:12, us, 524, www.hortonworks.com/ydc, www.yahoo.com/sjojq, 868.816.468.554
1999/01/10 11:12, de, 744, www.google.com/z4, www.yahoo.com/hchja, 725.559.675.588
1999/01/11 11:12, de, 576, www.google.com/n4, www.yahoo.com/bhchn, 334.473.436.892
1999/01/11 11:12, de, 295, www.hortonworks.com/gos, www.google.com/psck, 366.262.352.449
1999/01/11 11:12, de, 833, www.hortonworks.com/aer, www.google.com/ggwq, 664.368.563.851
1999/01/11 11:12, de, 954, www.hortonworks.com/cij, www.yahoo.com/icnvg, 987.479.558.648
1999/01/11 11:12, de, 843, www.google.com/s5, www.yahoo.com/gxeqh, 455.481.872.686
1999/01/11 11:12, de, 678, www.hortonworks.com/jxu, www.google.com/otxs, 687.334.589.125
1999/01/11 11:12, de, 579, www.google.com/s5, www.yahoo.com/twodv, 783.313.845.668
1999/01/11 11:12, se, 339, www.google.com/b4, www.yahoo.com/axhgi, 872.718.488.552
1999/01/11 11:12, us, 837, www.google.com/z4, www.yahoo.com/zxgog, 854.939.837.685
1999/01/11 11:12, de, 183, www.google.com/x5, www.yahoo.com/jwjdl, 423.295.688.224
1999/01/11 11:12, us, 267, www.google.com/h5, www.google.com/mpfl, 422.251.358.357
1999/01/11 11:12, se, 326, www.hortonworks.com/ckb, www.google.com/dxvs, 547.558.488.975
1999/01/12 11:12, uk, 157, www.google.com/g5, www.yahoo.com/sqehl, 324.868.984.268
1999/01/12 11:12, se, 846, www.hortonworks.com/frk, www.google.com/dcei, 462.254.786.366
1999/01/12 11:12, de, 869, www.google.com/q4, www.google.com/qiwt, 515.556.682.226
1999/01/12 11:12, se, 483, www.hortonworks.com/nos, www.google.com/rnbi, 738.677.954.649
1999/01/12 11:12, se, 927, www.google.com/p5, www.yahoo.com/abdrr, 538.648.845.237
1999/01/12 11:12, de, 919, www.google.com/z5, www.google.com/dxky, 385.223.755.943
1999/01/12 11:12, de, 747, www.google.com/b4, www.google.com/oucm, 321.576.623.286
1999/01/12 11:12, de, 269, www.google.com/q4, www.yahoo.com/zhtst, 123.664.425.444
1999/01/12 11:12, de, 956, www.hortonworks.com/rbn, www.google.com/llog, 876.761.339.557
1999/01/12 11:12, us, 537, www.google.com/o4, www.google.com/wyuo, 848.756.674.152
1999/01/12 11:12, de, 949, www.hortonworks.com/elm, www.yahoo.com/jonht, 255.348.587.628
1999/01/12 11:12, de, 376, www.google.com/n4, www.google.com/oajf, 861.551.543.844
1999/01/13 11:12, de, 728, www.google.com/b5, www.yahoo.com/vhfwf, 771.272.825.634
1999/01/13 11:12, se, 747, www.hortonworks.com/wsj, www.google.com/kjxh, 536.134.846.855
1999/01/13 11:12, se, 668, www.google.com/k4, www.google.com/ywig, 699.574.713.541
1999/01/13 11:12, de, 167, www.google.com/s5, www.yahoo.com/wsgsw, 498.786.546.182
1999/01/13 11:12, se, 532, www.hortonworks.com/pmx, www.yahoo.com/ygjts, 426.913.228.816
1999/01/13 11:12, se, 867, www.hortonworks.com/iyj, www.yahoo.com/cvsco, 635.678.781.813
1999/01/13 11:12, de, 949, www.hortonworks.com/uqn, www.yahoo.com/ipial, 515.875.456.687
1999/01/13 11:12, us, 631, www.hortonworks.com/ltl, www.google.com/fovu, 364.879.674.822
1999/01/13 11:12, de, 965, www.google.com/s4, www.google.com/ggmx, 635.868.587.163
1999/01/13 11:12, se, 814, www.hortonworks.com/gmg, www.yahoo.com/llsum, 311.474.687.533
1999/01/13 11:12, se, 844, www.hortonworks.com/doi, www.yahoo.com/ysbmf, 872.763.371.277
1999/01/13 11:12, us, 474, www.hortonworks.com/ctt, www.yahoo.com/mepwu, 685.527.383.226
1999/01/14 11:12, se, 482, www.google.com/q5, www.google.com/epja, 436.724.913.682
1999/01/14 11:12, uk, 645, www.hortonworks.com/srh, www.google.com/bozp, 713.996.778.722
1999/01/14 11:12, de, 133, www.google.com/o5, www.google.com/fbtq, 364.854.646.432
1999/01/14 11:12, se, 684, www.google.com/n5, www.yahoo.com/xbxce, 635.832.386.623
1999/01/14 11:12, us, 685, www.hortonworks.com/cot, www.google.com/mgsn, 682.722.854.415
1999/01/14 11:12, se, 679, www.hortonworks.com/omx, www.yahoo.com/icnju, 251.697.588.941
1999/01/14 11:12, de, 584, www.google.com/n4, www.google.com/qbpr, 475.555.224.424
1999/01/14 11:12, uk, 955, www.hortonworks.com/sdc, www.google.com/effg, 676.673.225.896
1999/01/14 11:12, uk, 323, www.google.com/v4, www.google.com/ghwu, 965.836.666.432
1999/01/14 11:12, de, 346, www.google.com/o5, www.yahoo.com/tzmse, 751.682.391.724
1999/01/14 11:12, de, 891, www.hortonworks.com/pyf, www.yahoo.com/wehkg, 234.176.127.464
1999/01/14 11:12, de, 343, www.hortonworks.com/fjn, www.google.com/qmdc, 225.618.889.829
1999/01/15 11:12, se, 254, www.google.com/g4, www.google.com/mdfy, 684.441.369.219
1999/01/15 11:12, se, 692, www.google.com/h5, www.yahoo.com/leeng, 739.372.744.689
1999/01/15 11:12, de, 869, www.hortonworks.com/bdw, www.google.com/qwzc, 665.392.393.925
1999/01/15 11:12, us, 556, www.hortonworks.com/owm, www.google.com/qual, 673.955.762.662
1999/01/15 11:12, de, 466, www.hortonworks.com/obl, www.google.com/mufy, 474.676.895.333
1999/01/15 11:12, de, 284, www.google.com/y5, www.google.com/ijlt, 145.548.441.562
1999/01/15 11:12, us, 614, www.hortonworks.com/yqg, www.google.com/sufb, 886.573.887.492
1999/01/15 11:12, de, 587, www.google.com/o5, www.yahoo.com/tllvc, 649.344.234.367
1999/01/15 11:12, de, 711, www.hortonworks.com/oov, www.google.com/xytl, 757.349.748.598
1999/01/15 11:12, us, 648, www.hortonworks.com/edv, www.yahoo.com/ftlug, 557.863.761.521
1999/01/15 11:12, de, 723, www.hortonworks.com/yob, www.yahoo.com/inubj, 474.256.378.444
1999/01/15 11:12, us, 297, www.google.com/b5, www.google.com/odrv, 984.883.726.376
1999/01/16 11:12, de, 714, www.google.com/f4, www.google.com/kykg, 435.469.856.325
1999/01/16 11:12, de, 456, www.hortonworks.com/ieg, www.yahoo.com/vsdbl, 197.576.546.346
1999/01/16 11:12, uk, 221, www.hortonworks.com/oto, www.yahoo.com/pgkyn, 618.391.517.162
1999/01/16 11:12, de, 353, www.google.com/o5, www.google.com/lejq, 552.327.744.449
1999/01/16 11:12, de, 319, www.hortonworks.com/fzv, www.google.com/wyex, 827.174.571.484
1999/01/16 11:12, de, 433, www.google.com/m4, www.google.com/fosd, 785.372.467.122
1999/01/16 11:12, de, 465, www.hortonworks.com/tfj, www.yahoo.com/qlyzs, 138.252.473.844
1999/01/16 11:12, de, 466, www.hortonworks.com/vqy, www.yahoo.com/embyp, 522.372.115.735
1999/01/16 11:12, de, 776, www.hortonworks.com/umg, www.yahoo.com/imifo, 395.892.898.252
1999/01/16 11:12, de, 787, www.hortonworks.com/wuj, www.google.com/naoq, 459.863.491.722
1999/01/16 11:12, us, 769, www.hortonworks.com/bld, www.yahoo.com/xinyu, 753.953.952.543
1999/01/16 11:12, uk, 352, www.google.com/j5, www.yahoo.com/mteks, 778.479.146.342
1999/01/17 11:12, se, 335, www.google.com/x5, www.yahoo.com/idvdd, 827.224.175.563
1999/01/17 11:12, de, 598, www.hortonworks.com/qpd, www.yahoo.com/twlty, 242.953.643.412
1999/01/17 11:12, uk, 252, www.hortonworks.com/kwl, www.google.com/ngfs, 568.566.933.248
1999/01/17 11:12, us, 288, www.google.com/x5, www.yahoo.com/nuiiw, 531.354.521.462
1999/01/17 11:12, se, 541, www.hortonworks.com/fjz, www.yahoo.com/sdcio, 689.262.444.536
1999/01/17 11:12, se, 462, www.hortonworks.com/ipm, www.google.com/cblp, 862.437.545.967
1999/01/17 11:12, de, 435, www.google.com/d4, www.yahoo.com/mmokv, 455.786.647.185
1999/01/17 11:12, de, 529, www.google.com/w4, www.yahoo.com/mkiis, 825.864.731.795
1999/01/17 11:12, de, 454, www.google.com/o5, www.yahoo.com/anbce, 317.318.545.369
1999/01/17 11:12, se, 276, www.google.com/b4, www.google.com/qhqn, 335.387.874.583
1999/01/17 11:12, de, 567, www.hortonworks.com/buv, www.yahoo.com/fpbtd, 232.744.484.456
1999/01/17 11:12, se, 743, www.google.com/i4, www.google.com/wmlx, 238.696.537.749
1999/01/18 11:12, se, 683, www.google.com/v4, www.yahoo.com/yuvhb, 246.273.223.784
1999/01/18 11:12, uk, 761, www.hortonworks.com/gpr, www.google.com/dbyo, 737.548.642.282
1999/01/18 11:12, de, 668, www.google.com/q4, www.google.com/bqrl, 547.753.738.969
1999/01/18 11:12, se, 788, www.google.com/a4, www.google.com/cjdl, 572.811.566.216
1999/01/18 11:12, se, 861, www.hortonworks.com/ldy, www.google.com/plrn, 332.859.863.881
1999/01/18 11:12, se, 632, www.hortonworks.com/jnv, www.yahoo.com/nqpah, 796.748.435.427
1999/01/18 11:12, de, 198, www.google.com/y5, www.yahoo.com/ksmwy, 253.969.469.963
1999/01/18 11:12, de, 638, www.hortonworks.com/uco, www.google.com/eeic, 573.734.629.652
1999/01/18 11:12, se, 325, www.google.com/f5, www.yahoo.com/fyeav, 557.774.886.533
1999/01/18 11:12, uk, 259, www.google.com/y4, www.yahoo.com/prqnn, 752.254.776.843
1999/01/18 11:12, de, 226, www.google.com/e5, www.google.com/dend, 354.332.879.545
1999/01/18 11:12, de, 723, www.hortonworks.com/prf, www.yahoo.com/whoqp, 387.623.758.284
1999/01/19 11:12, de, 316, www.google.com/f5, www.yahoo.com/hcvng, 787.862.246.672
1999/01/19 11:12, de, 688, www.google.com/p5, www.google.com/rwlx, 116.727.669.772
1999/01/19 11:12, de, 996, www.google.com/c4, www.google.com/srsm, 323.734.739.332
1999/01/19 11:12, de, 785, www.google.com/r5, www.yahoo.com/yhxci, 634.398.644.872
1999/01/19 11:12, uk, 756, www.hortonworks.com/rec, www.yahoo.com/wlrxk, 543.941.777.836
1999/01/19 11:12, de, 667, www.hortonworks.com/ltt, www.yahoo.com/sabkh, 844.278.275.622
1999/01/19 11:12, de, 517, www.google.com/b5, www.google.com/izgm, 621.476.938.725
1999/01/19 11:12, de, 681, www.hortonworks.com/yrl, www.yahoo.com/kfitk, 799.582.594.436
1999/01/19 11:12, se, 297, www.google.com/u4, www.google.com/jvbr, 187.793.888.375
1999/01/19 11:12, us, 826, www.google.com/s4, www.yahoo.com/nkhti, 722.489.634.481
1999/01/19 11:12, uk, 725, www.google.com/x4, www.yahoo.com/buxuf, 559.386.243.539
1999/01/19 11:12, de, 587, www.hortonworks.com/tgf, www.google.com/dspm, 661.541.535.382
1999/01/20 11:12, se, 827, www.hortonworks.com/bjp, www.yahoo.com/ivwwi, 337.365.656.343
1999/01/20 11:12, se, 888, www.hortonworks.com/uyt, www.google.com/vojp, 188.446.793.746
1999/01/20 11:12, de, 641, www.hortonworks.com/ylo, www.yahoo.com/pzoyo, 179.242.345.478
1999/01/20 11:12, de, 776, www.google.com/d4, www.yahoo.com/quujt, 413.165.665.212
1999/01/20 11:12, de, 828, www.hortonworks.com/lyd, www.google.com/nqvj, 645.346.874.256
1999/01/20 11:12, se, 578, www.google.com/o5, www.google.com/alsg, 287.527.335.236
1999/01/20 11:12, de, 956, www.google.com/w5, www.yahoo.com/fbiwy, 658.726.867.612
1999/01/20 11:12, se, 157, www.google.com/v5, www.google.com/ncci, 127.491.863.987
1999/01/20 11:12, se, 567, www.google.com/h4, www.yahoo.com/qsrgq, 741.189.874.174
1999/01/20 11:12, se, 888, www.hortonworks.com/kpc, www.google.com/gzaw, 588.374.731.875
1999/01/20 11:12, de, 623, www.hortonworks.com/zwj, www.yahoo.com/sbeeh, 218.692.534.427
1999/01/20 11:12, us, 383, www.google.com/v4, www.google.com/vinf, 856.457.825.976
1999/01/21 11:12, de, 253, www.hortonworks.com/lvo, www.google.com/snow, 656.347.665.225
1999/01/21 11:12, se, 519, www.google.com/w4, www.google.com/jeot, 451.553.349.267
1999/01/21 11:12, de, 242, www.google.com/u4, www.google.com/gnqw, 574.337.475.255
1999/01/21 11:12, de, 247, www.hortonworks.com/wio, www.yahoo.com/qwymq, 994.681.273.753
1999/01/21 11:12, de, 248, www.google.com/d4, www.yahoo.com/ynkvu, 999.723.224.272
1999/01/21 11:12, de, 936, www.google.com/p4, www.google.com/ztcj, 842.265.727.871
1999/01/21 11:12, se, 837, www.hortonworks.com/lum, www.yahoo.com/ngztk, 637.293.387.153
1999/01/21 11:12, se, 372, www.google.com/f4, www.yahoo.com/jskvu, 644.188.629.385
1999/01/21 11:12, se, 967, www.google.com/v5, www.yahoo.com/akloe, 487.411.417.818
1999/01/21 11:12, de, 856, www.google.com/p4, www.yahoo.com/ukolo, 672.177.868.678
1999/01/21 11:12, uk, 225, www.hortonworks.com/iqq, www.yahoo.com/brbfq, 896.417.237.424
1999/01/21 11:12, de, 872, www.google.com/q4, www.yahoo.com/egqps, 643.883.342.543
1999/01/22 11:12, us, 518, www.google.com/j4, www.yahoo.com/hljjf, 274.848.344.328
1999/01/22 11:12, de, 659, www.hortonworks.com/cxb, www.yahoo.com/czbau, 242.664.565.359
1999/01/22 11:12, us, 227, www.hortonworks.com/hwh, www.google.com/cqgp, 345.275.837.246
1999/01/22 11:12, se, 455, www.hortonworks.com/uew, www.yahoo.com/uqgxh, 845.486.776.573
1999/01/22 11:12, us, 644, www.hortonworks.com/dyq, www.yahoo.com/vqiuy, 297.365.752.642
1999/01/22 11:12, de, 835, www.hortonworks.com/hjy, www.google.com/qtfp, 457.886.781.523
1999/01/22 11:12, de, 979, www.hortonworks.com/lwn, www.yahoo.com/dojjp, 276.896.182.484
1999/01/22 11:12, de, 373, www.google.com/z5, www.google.com/eshh, 539.162.339.572
1999/01/22 11:12, de, 885, www.google.com/d4, www.yahoo.com/hndkh, 472.296.416.472
1999/01/22 11:12, se, 224, www.google.com/e5, www.yahoo.com/lccfv, 551.527.742.562
1999/01/22 11:12, de, 782, www.hortonworks.com/bfo, www.yahoo.com/swggz, 725.795.285.342
1999/01/22 11:12, de, 799, www.hortonworks.com/xgm, www.google.com/ulwb, 736.223.353.355
1999/01/23 11:12, se, 824, www.hortonworks.com/qlo, www.yahoo.com/qvvlo, 677.737.251.458
1999/01/23 11:12, uk, 782, www.hortonworks.com/fmv, www.yahoo.com/jxobt, 219.876.876.311
1999/01/23 11:12, uk, 691, www.google.com/y4, www.yahoo.com/wfowc, 875.659.849.373
1999/01/23 11:12, de, 833, www.hortonworks.com/kns, www.google.com/msnz, 197.469.123.668
1999/01/23 11:12, de, 446, www.google.com/r5, www.google.com/esgo, 437.347.676.923
1999/01/23 11:12, se, 152, www.hortonworks.com/dlq, www.yahoo.com/xvhxr, 776.266.347.843
1999/01/23 11:12, de, 733, www.hortonworks.com/nbw, www.google.com/jyru, 614.364.795.388
1999/01/23 11:12, de, 775, www.google.com/t5, www.yahoo.com/rqvuh, 787.574.214.886
1999/01/23 11:12, se, 668, www.hortonworks.com/bly, www.yahoo.com/bswht, 513.486.548.135
1999/01/23 11:12, de, 587, www.hortonworks.com/fjs, www.yahoo.com/ckgns, 758.463.841.343
1999/01/23 11:12, de, 285, www.google.com/h5, www.google.com/gksl, 727.995.627.962
1999/01/23 11:12, de, 194, www.google.com/g4, www.yahoo.com/hvuqa, 542.383.348.575
1999/01/24 11:12, se, 972, www.google.com/f4, www.yahoo.com/fdhmz, 156.656.455.878
1999/01/24 11:12, de, 645, www.hortonworks.com/ymn, www.google.com/qayv, 858.426.983.661
1999/01/24 11:12, se, 374, www.google.com/r4, www.yahoo.com/xbrzf, 574.477.913.452
1999/01/24 11:12, us, 492, www.google.com/l5, www.google.com/otyu, 762.888.635.488
1999/01/24 11:12, de, 795, www.hortonworks.com/bpx, www.yahoo.com/ykxbi, 861.652.635.616
1999/01/24 11:12, de, 224, www.hortonworks.com/pwb, www.yahoo.com/ucxlx, 615.621.736.785
1999/01/24 11:12, us, 346, www.hortonworks.com/khs, www.google.com/munw, 283.546.348.821
1999/01/24 11:12, de, 859, www.hortonworks.com/xou, www.google.com/oszn, 358.624.974.851
1999/01/24 11:12, de, 375, www.hortonworks.com/dau, www.google.com/lwhb, 649.662.874.348
1999/01/24 11:12, us, 746, www.google.com/b4, www.yahoo.com/kddnn, 527.134.812.863
1999/01/24 11:12, de, 345, www.hortonworks.com/sln, www.google.com/ppjo, 635.563.886.452
1999/01/24 11:12, de, 626, www.google.com/w5, www.google.com/rtvm, 659.992.784.867
1999/01/25 11:12, de, 568, www.hortonworks.com/lmp, www.google.com/kymp, 235.462.126.742
1999/01/25 11:12, se, 542, www.google.com/g4, www.google.com/euxi, 226.426.562.555
1999/01/25 11:12, de, 521, www.hortonworks.com/dre, www.yahoo.com/aclxi, 683.585.219.662
1999/01/25 11:12, de, 653, www.google.com/h5, www.google.com/tcns, 322.232.251.238
1999/01/25 11:12, de, 666, www.google.com/c5, www.google.com/jyvg, 611.727.253.344
1999/01/25 11:12, de, 329, www.google.com/q5, www.yahoo.com/bdjkx, 974.846.216.367
1999/01/25 11:12, us, 673, www.google.com/d4, www.yahoo.com/mgeug, 631.223.138.458
1999/01/25 11:12, us, 453, www.hortonworks.com/ral, www.yahoo.com/ocxss, 278.639.317.238
1999/01/25 11:12, se, 191, www.google.com/l5, www.google.com/ravs, 336.714.328.232
1999/01/25 11:12, de, 371, www.hortonworks.com/tvj, www.yahoo.com/ipiiz, 238.726.188.561
1999/01/25 11:12, de, 664, www.hortonworks.com/gvy, www.google.com/nvtm, 439.173.168.153
1999/01/25 11:12, de, 271, www.google.com/c5, www.yahoo.com/shkjx, 294.112.848.456
1999/01/26 11:12, de, 969, www.hortonworks.com/nfp, www.google.com/hvos, 131.552.443.851
1999/01/26 11:12, us, 628, www.google.com/z4, www.yahoo.com/qplbu, 227.332.561.529
1999/01/26 11:12, de, 286, www.hortonworks.com/cnf, www.yahoo.com/xkmtk, 351.476.467.567
1999/01/26 11:12, de, 344, www.google.com/f5, www.yahoo.com/mbfui, 697.443.358.514
1999/01/26 11:12, uk, 856, www.hortonworks.com/lqr, www.yahoo.com/cwqdv, 476.657.472.132
1999/01/26 11:12, uk, 361, www.hortonworks.com/rvy, www.google.com/vrdo, 546.737.351.617
1999/01/26 11:12, de, 529, www.google.com/v5, www.google.com/vfry, 564.184.265.483
1999/01/26 11:12, uk, 254, www.hortonworks.com/ybc, www.google.com/ntog, 167.548.632.675
1999/01/26 11:12, us, 534, www.hortonworks.com/gfw, www.google.com/lygj, 896.421.674.715
1999/01/26 11:12, se, 733, www.google.com/j5, www.yahoo.com/sbawb, 758.783.434.995
1999/01/26 11:12, us, 771, www.google.com/t4, www.yahoo.com/vagww, 662.272.853.383
1999/01/26 11:12, de, 667, www.hortonworks.com/kxl, www.yahoo.com/gpdti, 683.186.562.573
1999/01/27 11:12, uk, 344, www.hortonworks.com/akb, www.google.com/jwvn, 465.855.381.331
1999/01/27 11:12, se, 423, www.hortonworks.com/kry, www.yahoo.com/ckbur, 412.698.744.444
1999/01/27 11:12, se, 914, www.google.com/c5, www.yahoo.com/trkgp, 777.172.878.275
1999/01/27 11:12, de, 754, www.hortonworks.com/fxr, www.google.com/mjvr, 767.889.782.583
1999/01/27 11:12, uk, 567, www.hortonworks.com/alh, www.google.com/wxoy, 583.212.238.572
1999/01/27 11:12, us, 361, www.google.com/o4, www.yahoo.com/ogibj, 553.698.946.139
1999/01/27 11:12, de, 344, www.hortonworks.com/edx, www.google.com/ewev, 937.681.672.477
1999/01/27 11:12, se, 988, www.google.com/p5, www.yahoo.com/bdhtn, 178.628.227.581
1999/01/27 11:12, se, 353, www.google.com/s5, www.yahoo.com/pkczn, 562.758.576.777
1999/01/27 11:12, de, 792, www.hortonworks.com/xdo, www.google.com/kylv, 529.989.248.231
1999/01/27 11:12, us, 777, www.hortonworks.com/mqr, www.yahoo.com/jitnj, 975.826.865.433
1999/01/27 11:12, de, 845, www.hortonworks.com/wxu, www.yahoo.com/gdmnf, 855.755.645.284
1999/01/28 11:12, de, 346, www.hortonworks.com/kpd, www.google.com/oehe, 372.796.656.177
1999/01/28 11:12, se, 627, www.hortonworks.com/ixc, www.google.com/zmwm, 163.551.522.823
1999/01/28 11:12, us, 484, www.hortonworks.com/lff, www.google.com/abcy, 472.316.734.264
1999/01/28 11:12, de, 839, www.hortonworks.com/hez, www.google.com/yjju, 472.964.749.683
1999/01/28 11:12, us, 239, www.hortonworks.com/jho, www.google.com/kkvk, 558.514.616.753
1999/01/28 11:12, de, 374, www.hortonworks.com/pgq, www.yahoo.com/xahqp, 762.243.386.578
1999/01/28 11:12, de, 822, www.hortonworks.com/ndp, www.google.com/wuek, 512.664.387.987
1999/01/28 11:12, uk, 523, www.google.com/f5, www.yahoo.com/drpro, 571.897.834.857
1999/01/28 11:12, uk, 746, www.hortonworks.com/lfh, www.google.com/zigp, 536.275.595.519
1999/01/28 11:12, de, 456, www.google.com/i4, www.google.com/ivry, 681.517.467.766
1999/01/28 11:12, de, 871, www.hortonworks.com/dbo, www.yahoo.com/ugmxz, 624.264.787.964
1999/01/28 11:12, de, 946, www.google.com/x4, www.google.com/kyfw, 867.487.847.442
1999/01/29 11:12, de, 563, www.hortonworks.com/jiy, www.google.com/dgmd, 436.447.545.516
1999/01/29 11:12, se, 447, www.hortonworks.com/hen, www.google.com/yric, 424.455.686.792
1999/01/29 11:12, de, 784, www.google.com/e5, www.yahoo.com/obfbx, 418.222.417.145
1999/01/29 11:12, de, 387, www.google.com/h4, www.google.com/wvjq, 186.179.386.531
1999/01/29 11:12, de, 946, www.hortonworks.com/yyi, www.yahoo.com/cdqud, 133.727.519.675
1999/01/29 11:12, uk, 387, www.hortonworks.com/woo, www.google.com/wsbw, 974.288.848.879
1999/01/29 11:12, se, 646, www.google.com/x4, www.google.com/fwjq, 684.689.427.564
1999/01/29 11:12, de, 438, www.google.com/l4, www.google.com/epuf, 268.484.243.758
1999/01/29 11:12, uk, 223, www.google.com/n5, www.google.com/usfu, 643.347.287.155
1999/01/29 11:12, uk, 247, www.google.com/a5, www.yahoo.com/hdpkg, 317.753.896.864
1999/01/29 11:12, de, 423, www.hortonworks.com/pdf, www.google.com/zegj, 947.761.147.524
1999/01/29 11:12, de, 659, www.hortonworks.com/miu, www.google.com/ypyp, 322.258.218.873
1999/01/30 11:12, se, 777, www.google.com/a4, www.google.com/bjms, 484.753.275.235
1999/01/30 11:12, de, 255, www.google.com/l5, www.yahoo.com/koiug, 534.728.432.686
1999/01/30 11:12, de, 846, www.hortonworks.com/liq, www.yahoo.com/lxtpc, 762.112.487.526
1999/01/30 11:12, us, 232, www.google.com/o5, www.google.com/nvlf, 437.266.227.324
1999/01/30 11:12, se, 778, www.hortonworks.com/vct, www.google.com/jfhj, 874.134.838.577
1999/01/30 11:12, de, 491, www.hortonworks.com/vdz, www.yahoo.com/otwhc, 722.777.247.424
1999/01/30 11:12, se, 224, www.hortonworks.com/jwq, www.yahoo.com/qdftu, 396.821.687.451
1999/01/30 11:12, se, 397, www.hortonworks.com/eyg, www.yahoo.com/gdkhl, 876.537.327.855
1999/01/30 11:12, de, 212, www.google.com/k4, www.yahoo.com/tghcq, 872.386.835.285
1999/01/30 11:12, de, 869, www.hortonworks.com/rmd, www.google.com/wrov, 841.243.771.853
1999/01/30 11:12, de, 662, www.google.com/a5, www.yahoo.com/glden, 766.432.387.832
1999/01/30 11:12, us, 813, www.hortonworks.com/evr, www.yahoo.com/iognp, 247.338.425.952
1999/01/31 11:12, uk, 224, www.hortonworks.com/rlw, www.yahoo.com/yxbcq, 485.274.731.352
1999/01/31 11:12, de, 672, www.hortonworks.com/fyn, www.google.com/rawp, 941.147.682.223
1999/01/31 11:12, de, 178, www.hortonworks.com/tmk, www.yahoo.com/frmhg, 163.898.424.284
1999/01/31 11:12, uk, 412, www.hortonworks.com/ndr, www.yahoo.com/jmqzs, 458.832.265.972
1999/01/31 11:12, de, 426, www.hortonworks.com/rbw, www.google.com/voem, 259.276.764.524
1999/01/31 11:12, se, 294, www.google.com/x5, www.google.com/rlcf, 493.662.735.276
1999/01/31 11:12, de, 752, www.hortonworks.com/oie, www.google.com/vban, 437.482.883.823
1999/01/31 11:12, de, 893, www.hortonworks.com/nuh, www.yahoo.com/pkkky, 975.611.552.765
1999/01/31 11:12, uk, 566, www.google.com/n4, www.google.com/nknb, 441.632.265.676
1999/01/31 11:12, se, 957, www.google.com/t5, www.yahoo.com/yiyjo, 885.776.584.732
1999/01/31 11:12, se, 762, www.google.com/y4, www.google.com/ufaf, 664.874.659.588
1999/01/31 11:12, se, 918, www.hortonworks.com/tcl, www.yahoo.com/cfmnp, 316.583.536.384
1999/01/32 11:12, se, 477, www.hortonworks.com/qip, www.yahoo.com/yphtz, 733.426.435.268
1999/01/32 11:12, uk, 586, www.hortonworks.com/myo, www.yahoo.com/cjbqm, 352.954.613.512
1999/01/32 11:12, us, 266, www.google.com/p5, www.yahoo.com/alddu, 827.685.398.286
1999/01/32 11:12, se, 362, www.hortonworks.com/jxm, www.google.com/dctq, 669.348.588.588
1999/01/32 11:12, se, 262, www.hortonworks.com/yxf, www.google.com/wvlb, 599.383.968.427
1999/01/32 11:12, de, 269, www.hortonworks.com/loj, www.yahoo.com/tgupn, 791.265.673.345
1999/01/32 11:12, de, 882, www.google.com/f5, www.yahoo.com/xbpgk, 528.147.543.467
1999/01/32 11:12, se, 846, www.google.com/o4, www.yahoo.com/qvkbu, 795.519.656.334
1999/01/32 11:12, de, 475, www.google.com/h4, www.yahoo.com/sodid, 873.779.746.675
1999/01/32 11:12, de, 686, www.google.com/w5, www.yahoo.com/hyaej, 114.242.656.338
1999/01/32 11:12, de, 443, www.hortonworks.com/pfw, www.yahoo.com/zvhak, 165.475.642.518
1999/01/32 11:12, de, 538, www.hortonworks.com/bcd, www.google.com/qeyn, 685.555.339.465
1999/01/33 11:12, se, 168, www.hortonworks.com/vbj, www.yahoo.com/dcrxe, 977.136.224.366
1999/01/33 11:12, de, 793, www.google.com/i4, www.yahoo.com/emyzk, 342.831.821.445
1999/01/33 11:12, us, 488, www.hortonworks.com/osm, www.google.com/dlfr, 938.665.266.314
1999/01/33 11:12, de, 321, www.hortonworks.com/aed, www.google.com/geds, 856.587.726.666
